filename,onset,offset,event_label
10001_mix.wav,0,0,Noise
10002_mix.wav,0,0,Noise
10003_mix.wav,0,0,Noise
10004_mix.wav,0,0,Noise
10005_mix.wav,0,0,Noise
10006_mix.wav,0,0,Noise
10007_mix.wav,0,0,Noise
10008_mix.wav,0,0,Noise
10009_mix.wav,0,0,Noise
10010_mix.wav,0,0,Noise
10011_mix.wav,0,0,Noise
10012_mix.wav,0,0,Noise
10013_mix.wav,0,0,Noise
10014_mix.wav,0,0,Noise
10015_mix.wav,0,0,Noise
10016_mix.wav,0,0,Noise
10017_mix.wav,0,0,Noise
10018_mix.wav,0,0,Noise
10019_mix.wav,0,0,Noise
10020_mix.wav,0,0,Noise
10021_mix.wav,0,0,Noise
10022_mix.wav,0,0,Noise
10023_mix.wav,0,0,Noise
10024_mix.wav,0,0,Noise
10025_mix.wav,0,0,Noise
10026_mix.wav,0,0,Noise
10027_mix.wav,0,0,Noise
10028_mix.wav,0,0,Noise
10029_mix.wav,0,0,Noise
10030_mix.wav,0,0,Noise
10031_mix.wav,0,0,Noise
10032_mix.wav,0,0,Noise
10033_mix.wav,0,0,Noise
10034_mix.wav,0,0,Noise
10035_mix.wav,0,0,Noise
10036_mix.wav,0,0,Noise
10037_mix.wav,0,0,Noise
10038_mix.wav,0,0,Noise
10039_mix.wav,0,0,Noise
10040_mix.wav,0,0,Noise
10041_mix.wav,0,0,Noise
10042_mix.wav,0,0,Noise
10043_mix.wav,0,0,Noise
10044_mix.wav,0,0,Noise
10045_mix.wav,0,0,Noise
10046_mix.wav,0,0,Noise
10047_mix.wav,0,0,Noise
10048_mix.wav,0,0,Noise
10049_mix.wav,0,0,Noise
10050_mix.wav,0,0,Noise
10051_mix.wav,0,0,Noise
10052_mix.wav,0,0,Noise
10053_mix.wav,0,0,Noise
10054_mix.wav,0,0,Noise
10055_mix.wav,0,0,Noise
10056_mix.wav,0,0,Noise
10057_mix.wav,0,0,Noise
10058_mix.wav,0,0,Noise
10059_mix.wav,0,0,Noise
10060_mix.wav,0,0,Noise
10061_mix.wav,0,0,Noise
10062_mix.wav,0,0,Noise
10063_mix.wav,0,0,Noise
10064_mix.wav,0,0,Noise
10065_mix.wav,0,0,Noise
10066_mix.wav,0,0,Noise
10067_mix.wav,0,0,Noise
10068_mix.wav,0,0,Noise
10069_mix.wav,0,0,Noise
10070_mix.wav,0,0,Noise
10071_mix.wav,0,0,Noise
10072_mix.wav,0,0,Noise
10073_mix.wav,0,0,Noise
10074_mix.wav,0,0,Noise
10075_mix.wav,0,0,Noise
10076_mix.wav,0,0,Noise
10077_mix.wav,0,0,Noise
10078_mix.wav,0,0,Noise
10079_mix.wav,0,0,Noise
10080_mix.wav,0,0,Noise
10081_mix.wav,0,0,Noise
10082_mix.wav,0,0,Noise
10083_mix.wav,0,0,Noise
10084_mix.wav,0,0,Noise
10085_mix.wav,0,0,Noise
10086_mix.wav,0,0,Noise
10087_mix.wav,0,0,Noise
10088_mix.wav,0,0,Noise
10089_mix.wav,0,0,Noise
10090_mix.wav,0,0,Noise
10091_mix.wav,0,0,Noise
10092_mix.wav,0,0,Noise
10093_mix.wav,0,0,Noise
10094_mix.wav,0,0,Noise
10095_mix.wav,0,0,Noise
10096_mix.wav,0,0,Noise
10097_mix.wav,0,0,Noise
10098_mix.wav,0,0,Noise
10099_mix.wav,0,0,Noise
10100_mix.wav,0,0,Noise
10101_mix.wav,0,0,Noise
10102_mix.wav,0,0,Noise
10103_mix.wav,0,0,Noise
10104_mix.wav,0,0,Noise
10105_mix.wav,0,0,Noise
10106_mix.wav,0,0,Noise
10107_mix.wav,0,0,Noise
10108_mix.wav,0,0,Noise
10109_mix.wav,0,0,Noise
10110_mix.wav,0,0,Noise
10111_mix.wav,0,0,Noise
10112_mix.wav,0,0,Noise
10113_mix.wav,0,0,Noise
10114_mix.wav,0,0,Noise
10115_mix.wav,0,0,Noise
10116_mix.wav,0,0,Noise
10117_mix.wav,0,0,Noise
10118_mix.wav,0,0,Noise
10119_mix.wav,0,0,Noise
10120_mix.wav,0,0,Noise
10121_mix.wav,0,0,Noise
10122_mix.wav,0,0,Noise
10123_mix.wav,0,0,Noise
10124_mix.wav,0,0,Noise
10125_mix.wav,0,0,Noise
10126_mix.wav,0,0,Noise
10127_mix.wav,0,0,Noise
10128_mix.wav,0,0,Noise
10129_mix.wav,0,0,Noise
10130_mix.wav,0,0,Noise
10131_mix.wav,0,0,Noise
10132_mix.wav,0,0,Noise
10133_mix.wav,0,0,Noise
10134_mix.wav,0,0,Noise
10135_mix.wav,0,0,Noise
10136_mix.wav,0,0,Noise
10137_mix.wav,0,0,Noise
10138_mix.wav,0,0,Noise
10139_mix.wav,0,0,Noise
10140_mix.wav,0,0,Noise
10141_mix.wav,0,0,Noise
10142_mix.wav,0,0,Noise
10143_mix.wav,0,0,Noise
10144_mix.wav,0,0,Noise
10145_mix.wav,0,0,Noise
10146_mix.wav,0,0,Noise
10147_mix.wav,0,0,Noise
10148_mix.wav,0,0,Noise
10149_mix.wav,0,0,Noise
10150_mix.wav,0,0,Noise
10151_mix.wav,0,0,Noise
10152_mix.wav,0,0,Noise
10153_mix.wav,0,0,Noise
10154_mix.wav,0,0,Noise
10155_mix.wav,0,0,Noise
10156_mix.wav,0,0,Noise
10157_mix.wav,0,0,Noise
10158_mix.wav,0,0,Noise
10159_mix.wav,0,0,Noise
10160_mix.wav,0,0,Noise
10161_mix.wav,0,0,Noise
10162_mix.wav,0,0,Noise
10163_mix.wav,0,0,Noise
10164_mix.wav,0,0,Noise
10165_mix.wav,0,0,Noise
10166_mix.wav,0,0,Noise
10167_mix.wav,0,0,Noise
10168_mix.wav,0,0,Noise
10169_mix.wav,0,0,Noise
10170_mix.wav,0,0,Noise
10171_mix.wav,0,0,Noise
10172_mix.wav,0,0,Noise
10173_mix.wav,0,0,Noise
10174_mix.wav,0,0,Noise
10175_mix.wav,0,0,Noise
10176_mix.wav,0,0,Noise
10177_mix.wav,0,0,Noise
10178_mix.wav,0,0,Noise
10179_mix.wav,0,0,Noise
10180_mix.wav,0,0,Noise
10181_mix.wav,0,0,Noise
10182_mix.wav,0,0,Noise
10183_mix.wav,0,0,Noise
10184_mix.wav,0,0,Noise
10185_mix.wav,0,0,Noise
10186_mix.wav,0,0,Noise
10187_mix.wav,0,0,Noise
10188_mix.wav,0,0,Noise
10189_mix.wav,0,0,Noise
10190_mix.wav,0,0,Noise
10191_mix.wav,0,0,Noise
10192_mix.wav,0,0,Noise
10193_mix.wav,0,0,Noise
10194_mix.wav,0,0,Noise
10195_mix.wav,0,0,Noise
10196_mix.wav,0,0,Noise
10197_mix.wav,0,0,Noise
10198_mix.wav,0,0,Noise
10199_mix.wav,0,0,Noise
10200_mix.wav,0,0,Noise
10201_mix.wav,0,0,Noise
10202_mix.wav,0,0,Noise
10203_mix.wav,0,0,Noise
10204_mix.wav,0,0,Noise
10205_mix.wav,0,0,Noise
10206_mix.wav,0,0,Noise
10207_mix.wav,0,0,Noise
10208_mix.wav,0,0,Noise
10209_mix.wav,0,0,Noise
10210_mix.wav,0,0,Noise
10211_mix.wav,0,0,Noise
10212_mix.wav,0,0,Noise
10213_mix.wav,0,0,Noise
10214_mix.wav,0,0,Noise
10215_mix.wav,0,0,Noise
10216_mix.wav,0,0,Noise
10217_mix.wav,0,0,Noise
10218_mix.wav,0,0,Noise
10219_mix.wav,0,0,Noise
10220_mix.wav,0,0,Noise
10221_mix.wav,0,0,Noise
10222_mix.wav,0,0,Noise
10223_mix.wav,0,0,Noise
10224_mix.wav,0,0,Noise
10225_mix.wav,0,0,Noise
10226_mix.wav,0,0,Noise
10227_mix.wav,0,0,Noise
10228_mix.wav,0,0,Noise
10229_mix.wav,0,0,Noise
10230_mix.wav,0,0,Noise
10231_mix.wav,0,0,Noise
10232_mix.wav,0,0,Noise
10233_mix.wav,0,0,Noise
10234_mix.wav,0,0,Noise
10235_mix.wav,0,0,Noise
10236_mix.wav,0,0,Noise
10237_mix.wav,0,0,Noise
10238_mix.wav,0,0,Noise
10239_mix.wav,0,0,Noise
10240_mix.wav,0,0,Noise
10241_mix.wav,0,0,Noise
10242_mix.wav,0,0,Noise
10243_mix.wav,0,0,Noise
10244_mix.wav,0,0,Noise
10245_mix.wav,0,0,Noise
10246_mix.wav,0,0,Noise
10247_mix.wav,0,0,Noise
10248_mix.wav,0,0,Noise
10249_mix.wav,0,0,Noise
10250_mix.wav,0,0,Noise
10251_mix.wav,0,0,Noise
10252_mix.wav,0,0,Noise
10253_mix.wav,0,0,Noise
10254_mix.wav,0,0,Noise
10255_mix.wav,0,0,Noise
10256_mix.wav,0,0,Noise
10257_mix.wav,0,0,Noise
10258_mix.wav,0,0,Noise
10259_mix.wav,0,0,Noise
10260_mix.wav,0,0,Noise
10261_mix.wav,0,0,Noise
10262_mix.wav,0,0,Noise
10263_mix.wav,0,0,Noise
10264_mix.wav,0,0,Noise
10265_mix.wav,0,0,Noise
10266_mix.wav,0,0,Noise
10267_mix.wav,0,0,Noise
10268_mix.wav,0,0,Noise
10269_mix.wav,0,0,Noise
10270_mix.wav,0,0,Noise
10271_mix.wav,0,0,Noise
10272_mix.wav,0,0,Noise
10273_mix.wav,0,0,Noise
10274_mix.wav,0,0,Noise
10275_mix.wav,0,0,Noise
10276_mix.wav,0,0,Noise
10277_mix.wav,0,0,Noise
10278_mix.wav,0,0,Noise
10279_mix.wav,0,0,Noise
10280_mix.wav,0,0,Noise
10281_mix.wav,0,0,Noise
10282_mix.wav,0,0,Noise
10283_mix.wav,0,0,Noise
10284_mix.wav,0,0,Noise
10285_mix.wav,0,0,Noise
10286_mix.wav,0,0,Noise
10287_mix.wav,0,0,Noise
10288_mix.wav,0,0,Noise
10289_mix.wav,0,0,Noise
10290_mix.wav,0,0,Noise
10291_mix.wav,0,0,Noise
10292_mix.wav,0,0,Noise
10293_mix.wav,0,0,Noise
10294_mix.wav,0,0,Noise
10295_mix.wav,0,0,Noise
10296_mix.wav,0,0,Noise
10297_mix.wav,0,0,Noise
10298_mix.wav,0,0,Noise
10299_mix.wav,0,0,Noise
10300_mix.wav,0,0,Noise
10301_mix.wav,0,0,Noise
10302_mix.wav,0,0,Noise
10303_mix.wav,0,0,Noise
10304_mix.wav,0,0,Noise
10305_mix.wav,0,0,Noise
10306_mix.wav,0,0,Noise
10307_mix.wav,0,0,Noise
10308_mix.wav,0,0,Noise
10309_mix.wav,0,0,Noise
10310_mix.wav,0,0,Noise
10311_mix.wav,0,0,Noise
10312_mix.wav,0,0,Noise
10313_mix.wav,0,0,Noise
10314_mix.wav,0,0,Noise
10315_mix.wav,0,0,Noise
10316_mix.wav,0,0,Noise
10317_mix.wav,0,0,Noise
10318_mix.wav,0,0,Noise
10319_mix.wav,0,0,Noise
10320_mix.wav,0,0,Noise
10321_mix.wav,0,0,Noise
10322_mix.wav,0,0,Noise
10323_mix.wav,0,0,Noise
10324_mix.wav,0,0,Noise
10325_mix.wav,0,0,Noise
10326_mix.wav,0,0,Noise
10327_mix.wav,0,0,Noise
10328_mix.wav,0,0,Noise
10329_mix.wav,0,0,Noise
10330_mix.wav,0,0,Noise
10331_mix.wav,0,0,Noise
10332_mix.wav,0,0,Noise
10333_mix.wav,0,0,Noise
10334_mix.wav,0,0,Noise
10335_mix.wav,0,0,Noise
10336_mix.wav,0,0,Noise
10337_mix.wav,0,0,Noise
10338_mix.wav,0,0,Noise
10339_mix.wav,0,0,Noise
10340_mix.wav,0,0,Noise
10341_mix.wav,0,0,Noise
10342_mix.wav,0,0,Noise
10343_mix.wav,0,0,Noise
10344_mix.wav,0,0,Noise
10345_mix.wav,0,0,Noise
10346_mix.wav,0,0,Noise
10347_mix.wav,0,0,Noise
10348_mix.wav,0,0,Noise
10349_mix.wav,0,0,Noise
10350_mix.wav,0,0,Noise
10351_mix.wav,0,0,Noise
10352_mix.wav,0,0,Noise
10353_mix.wav,0,0,Noise
10354_mix.wav,0,0,Noise
10355_mix.wav,0,0,Noise
10356_mix.wav,0,0,Noise
10357_mix.wav,0,0,Noise
10358_mix.wav,0,0,Noise
10359_mix.wav,0,0,Noise
10360_mix.wav,0,0,Noise
10361_mix.wav,0,0,Noise
10362_mix.wav,0,0,Noise
10363_mix.wav,0,0,Noise
10364_mix.wav,0,0,Noise
10365_mix.wav,0,0,Noise
10366_mix.wav,0,0,Noise
10367_mix.wav,0,0,Noise
10368_mix.wav,0,0,Noise
10369_mix.wav,0,0,Noise
10370_mix.wav,0,0,Noise
10371_mix.wav,0,0,Noise
10372_mix.wav,0,0,Noise
10373_mix.wav,0,0,Noise
10374_mix.wav,0,0,Noise
10375_mix.wav,0,0,Noise
10376_mix.wav,0,0,Noise
10377_mix.wav,0,0,Noise
10378_mix.wav,0,0,Noise
10379_mix.wav,0,0,Noise
10380_mix.wav,0,0,Noise
10381_mix.wav,0,0,Noise
10382_mix.wav,0,0,Noise
10383_mix.wav,0,0,Noise
10384_mix.wav,0,0,Noise
10385_mix.wav,0,0,Noise
10386_mix.wav,0,0,Noise
10387_mix.wav,0,0,Noise
10388_mix.wav,0,0,Noise
10389_mix.wav,0,0,Noise
10390_mix.wav,0,0,Noise
10391_mix.wav,0,0,Noise
10392_mix.wav,0,0,Noise
10393_mix.wav,0,0,Noise
10394_mix.wav,0,0,Noise
10395_mix.wav,0,0,Noise
10396_mix.wav,0,0,Noise
10397_mix.wav,0,0,Noise
10398_mix.wav,0,0,Noise
10399_mix.wav,0,0,Noise
10400_mix.wav,0,0,Noise
10401_mix.wav,0,0,Noise
10402_mix.wav,0,0,Noise
10403_mix.wav,0,0,Noise
10404_mix.wav,0,0,Noise
10405_mix.wav,0,0,Noise
10406_mix.wav,0,0,Noise
10407_mix.wav,0,0,Noise
10408_mix.wav,0,0,Noise
10409_mix.wav,0,0,Noise
10410_mix.wav,0,0,Noise
10411_mix.wav,0,0,Noise
10412_mix.wav,0,0,Noise
10413_mix.wav,0,0,Noise
10414_mix.wav,0,0,Noise
10415_mix.wav,0,0,Noise
10416_mix.wav,0,0,Noise
10417_mix.wav,0,0,Noise
10418_mix.wav,0,0,Noise
10419_mix.wav,0,0,Noise
10420_mix.wav,0,0,Noise
10421_mix.wav,0,0,Noise
10422_mix.wav,0,0,Noise
10423_mix.wav,0,0,Noise
10424_mix.wav,0,0,Noise
10425_mix.wav,0,0,Noise
10426_mix.wav,0,0,Noise
10427_mix.wav,0,0,Noise
10428_mix.wav,0,0,Noise
10429_mix.wav,0,0,Noise
10430_mix.wav,0,0,Noise
10431_mix.wav,0,0,Noise
10432_mix.wav,0,0,Noise
10433_mix.wav,0,0,Noise
10434_mix.wav,0,0,Noise
10435_mix.wav,0,0,Noise
10436_mix.wav,0,0,Noise
10437_mix.wav,0,0,Noise
10438_mix.wav,0,0,Noise
10439_mix.wav,0,0,Noise
10440_mix.wav,0,0,Noise
10441_mix.wav,0,0,Noise
10442_mix.wav,0,0,Noise
10443_mix.wav,0,0,Noise
10444_mix.wav,0,0,Noise
10445_mix.wav,0,0,Noise
10446_mix.wav,0,0,Noise
10447_mix.wav,0,0,Noise
10448_mix.wav,0,0,Noise
10449_mix.wav,0,0,Noise
10450_mix.wav,0,0,Noise
10451_mix.wav,0,0,Noise
10452_mix.wav,0,0,Noise
10453_mix.wav,0,0,Noise
10454_mix.wav,0,0,Noise
10455_mix.wav,0,0,Noise
10456_mix.wav,0,0,Noise
10457_mix.wav,0,0,Noise
10458_mix.wav,0,0,Noise
10459_mix.wav,0,0,Noise
10460_mix.wav,0,0,Noise
10461_mix.wav,0,0,Noise
10462_mix.wav,0,0,Noise
10463_mix.wav,0,0,Noise
10464_mix.wav,0,0,Noise
10465_mix.wav,0,0,Noise
10466_mix.wav,0,0,Noise
10467_mix.wav,0,0,Noise
10468_mix.wav,0,0,Noise
10469_mix.wav,0,0,Noise
10470_mix.wav,0,0,Noise
10471_mix.wav,0,0,Noise
10472_mix.wav,0,0,Noise
10473_mix.wav,0,0,Noise
10474_mix.wav,0,0,Noise
10475_mix.wav,0,0,Noise
10476_mix.wav,0,0,Noise
10477_mix.wav,0,0,Noise
10478_mix.wav,0,0,Noise
10479_mix.wav,0,0,Noise
10480_mix.wav,0,0,Noise
10481_mix.wav,0,0,Noise
10482_mix.wav,0,0,Noise
10483_mix.wav,0,0,Noise
10484_mix.wav,0,0,Noise
10485_mix.wav,0,0,Noise
10486_mix.wav,0,0,Noise
10487_mix.wav,0,0,Noise
10488_mix.wav,0,0,Noise
10489_mix.wav,0,0,Noise
10490_mix.wav,0,0,Noise
10491_mix.wav,0,0,Noise
10492_mix.wav,0,0,Noise
10493_mix.wav,0,0,Noise
10494_mix.wav,0,0,Noise
10495_mix.wav,0,0,Noise
10496_mix.wav,0,0,Noise
10497_mix.wav,0,0,Noise
10498_mix.wav,0,0,Noise
10499_mix.wav,0,0,Noise
10500_mix.wav,0,0,Noise
10501_mix.wav,0,0,Noise
10502_mix.wav,0,0,Noise
10503_mix.wav,0,0,Noise
10504_mix.wav,0,0,Noise
10505_mix.wav,0,0,Noise
10506_mix.wav,0,0,Noise
10507_mix.wav,0,0,Noise
10508_mix.wav,0,0,Noise
10509_mix.wav,0,0,Noise
10510_mix.wav,0,0,Noise
10511_mix.wav,0,0,Noise
10512_mix.wav,0,0,Noise
10513_mix.wav,0,0,Noise
10514_mix.wav,0,0,Noise
10515_mix.wav,0,0,Noise
10516_mix.wav,0,0,Noise
10517_mix.wav,0,0,Noise
10518_mix.wav,0,0,Noise
10519_mix.wav,0,0,Noise
10520_mix.wav,0,0,Noise
10521_mix.wav,0,0,Noise
10522_mix.wav,0,0,Noise
10523_mix.wav,0,0,Noise
10524_mix.wav,0,0,Noise
10525_mix.wav,0,0,Noise
10526_mix.wav,0,0,Noise
10527_mix.wav,0,0,Noise
10528_mix.wav,0,0,Noise
10529_mix.wav,0,0,Noise
10530_mix.wav,0,0,Noise
10531_mix.wav,0,0,Noise
10532_mix.wav,0,0,Noise
10533_mix.wav,0,0,Noise
10534_mix.wav,0,0,Noise
10535_mix.wav,0,0,Noise
10536_mix.wav,0,0,Noise
10537_mix.wav,0,0,Noise
10538_mix.wav,0,0,Noise
10539_mix.wav,0,0,Noise
10540_mix.wav,0,0,Noise
10541_mix.wav,0,0,Noise
10542_mix.wav,0,0,Noise
10543_mix.wav,0,0,Noise
10544_mix.wav,0,0,Noise
10545_mix.wav,0,0,Noise
10546_mix.wav,0,0,Noise
10547_mix.wav,0,0,Noise
10548_mix.wav,0,0,Noise
10549_mix.wav,0,0,Noise
10550_mix.wav,0,0,Noise
10551_mix.wav,0,0,Noise
10552_mix.wav,0,0,Noise
10553_mix.wav,0,0,Noise
10554_mix.wav,0,0,Noise
10555_mix.wav,0,0,Noise
10556_mix.wav,0,0,Noise
10557_mix.wav,0,0,Noise
10558_mix.wav,0,0,Noise
10559_mix.wav,0,0,Noise
10560_mix.wav,0,0,Noise
10561_mix.wav,0,0,Noise
10562_mix.wav,0,0,Noise
10563_mix.wav,0,0,Noise
10564_mix.wav,0,0,Noise
10565_mix.wav,0,0,Noise
10566_mix.wav,0,0,Noise
10567_mix.wav,0,0,Noise
10568_mix.wav,0,0,Noise
10569_mix.wav,0,0,Noise
10570_mix.wav,0,0,Noise
10571_mix.wav,0,0,Noise
10572_mix.wav,0,0,Noise
10573_mix.wav,0,0,Noise
10574_mix.wav,0,0,Noise
10575_mix.wav,0,0,Noise
10576_mix.wav,0,0,Noise
10577_mix.wav,0,0,Noise
10578_mix.wav,0,0,Noise
10579_mix.wav,0,0,Noise
10580_mix.wav,0,0,Noise
10581_mix.wav,0,0,Noise
10582_mix.wav,0,0,Noise
10583_mix.wav,0,0,Noise
10584_mix.wav,0,0,Noise
10585_mix.wav,0,0,Noise
10586_mix.wav,0,0,Noise
10587_mix.wav,0,0,Noise
10588_mix.wav,0,0,Noise
10589_mix.wav,0,0,Noise
10590_mix.wav,0,0,Noise
10591_mix.wav,0,0,Noise
10592_mix.wav,0,0,Noise
10593_mix.wav,0,0,Noise
10594_mix.wav,0,0,Noise
10595_mix.wav,0,0,Noise
10596_mix.wav,0,0,Noise
10597_mix.wav,0,0,Noise
10598_mix.wav,0,0,Noise
10599_mix.wav,0,0,Noise
10600_mix.wav,0,0,Noise
10601_mix.wav,0,0,Noise
10602_mix.wav,0,0,Noise
10603_mix.wav,0,0,Noise
10604_mix.wav,0,0,Noise
10605_mix.wav,0,0,Noise
10606_mix.wav,0,0,Noise
10607_mix.wav,0,0,Noise
10608_mix.wav,0,0,Noise
10609_mix.wav,0,0,Noise
10610_mix.wav,0,0,Noise
10611_mix.wav,0,0,Noise
10612_mix.wav,0,0,Noise
10613_mix.wav,0,0,Noise
10614_mix.wav,0,0,Noise
10615_mix.wav,0,0,Noise
10616_mix.wav,0,0,Noise
10617_mix.wav,0,0,Noise
10618_mix.wav,0,0,Noise
10619_mix.wav,0,0,Noise
10620_mix.wav,0,0,Noise
10621_mix.wav,0,0,Noise
10622_mix.wav,0,0,Noise
10623_mix.wav,0,0,Noise
10624_mix.wav,0,0,Noise
10625_mix.wav,0,0,Noise
10626_mix.wav,0,0,Noise
10627_mix.wav,0,0,Noise
10628_mix.wav,0,0,Noise
10629_mix.wav,0,0,Noise
10630_mix.wav,0,0,Noise
10631_mix.wav,0,0,Noise
10632_mix.wav,0,0,Noise
10633_mix.wav,0,0,Noise
10634_mix.wav,0,0,Noise
10635_mix.wav,0,0,Noise
10636_mix.wav,0,0,Noise
10637_mix.wav,0,0,Noise
10638_mix.wav,0,0,Noise
10639_mix.wav,0,0,Noise
10640_mix.wav,0,0,Noise
10641_mix.wav,0,0,Noise
10642_mix.wav,0,0,Noise
10643_mix.wav,0,0,Noise
10644_mix.wav,0,0,Noise
10645_mix.wav,0,0,Noise
10646_mix.wav,0,0,Noise
10647_mix.wav,0,0,Noise
10648_mix.wav,0,0,Noise
10649_mix.wav,0,0,Noise
10650_mix.wav,0,0,Noise
10651_mix.wav,0,0,Noise
10652_mix.wav,0,0,Noise
10653_mix.wav,0,0,Noise
10654_mix.wav,0,0,Noise
10655_mix.wav,0,0,Noise
10656_mix.wav,0,0,Noise
10657_mix.wav,0,0,Noise
10658_mix.wav,0,0,Noise
10659_mix.wav,0,0,Noise
10660_mix.wav,0,0,Noise
10661_mix.wav,0,0,Noise
10662_mix.wav,0,0,Noise
10663_mix.wav,0,0,Noise
10664_mix.wav,0,0,Noise
10665_mix.wav,0,0,Noise
10666_mix.wav,0,0,Noise
10667_mix.wav,0,0,Noise
10668_mix.wav,0,0,Noise
10669_mix.wav,0,0,Noise
10670_mix.wav,0,0,Noise
10671_mix.wav,0,0,Noise
10672_mix.wav,0,0,Noise
10673_mix.wav,0,0,Noise
10674_mix.wav,0,0,Noise
10675_mix.wav,0,0,Noise
10676_mix.wav,0,0,Noise
10677_mix.wav,0,0,Noise
10678_mix.wav,0,0,Noise
10679_mix.wav,0,0,Noise
10680_mix.wav,0,0,Noise
10681_mix.wav,0,0,Noise
10682_mix.wav,0,0,Noise
10683_mix.wav,0,0,Noise
10684_mix.wav,0,0,Noise
10685_mix.wav,0,0,Noise
10686_mix.wav,0,0,Noise
10687_mix.wav,0,0,Noise
10688_mix.wav,0,0,Noise
10689_mix.wav,0,0,Noise
10690_mix.wav,0,0,Noise
10691_mix.wav,0,0,Noise
10692_mix.wav,0,0,Noise
10693_mix.wav,0,0,Noise
10694_mix.wav,0,0,Noise
10695_mix.wav,0,0,Noise
10696_mix.wav,0,0,Noise
10697_mix.wav,0,0,Noise
10698_mix.wav,0,0,Noise
10699_mix.wav,0,0,Noise
10700_mix.wav,0,0,Noise
10701_mix.wav,0,0,Noise
10702_mix.wav,0,0,Noise
10703_mix.wav,0,0,Noise
10704_mix.wav,0,0,Noise
10705_mix.wav,0,0,Noise
10706_mix.wav,0,0,Noise
10707_mix.wav,0,0,Noise
10708_mix.wav,0,0,Noise
10709_mix.wav,0,0,Noise
10710_mix.wav,0,0,Noise
10711_mix.wav,0,0,Noise
10712_mix.wav,0,0,Noise
10713_mix.wav,0,0,Noise
10714_mix.wav,0,0,Noise
10715_mix.wav,0,0,Noise
10716_mix.wav,0,0,Noise
10717_mix.wav,0,0,Noise
10718_mix.wav,0,0,Noise
10719_mix.wav,0,0,Noise
10720_mix.wav,0,0,Noise
10721_mix.wav,0,0,Noise
10722_mix.wav,0,0,Noise
10723_mix.wav,0,0,Noise
10724_mix.wav,0,0,Noise
10725_mix.wav,0,0,Noise
10726_mix.wav,0,0,Noise
10727_mix.wav,0,0,Noise
10728_mix.wav,0,0,Noise
10729_mix.wav,0,0,Noise
10730_mix.wav,0,0,Noise
10731_mix.wav,0,0,Noise
10732_mix.wav,0,0,Noise
10733_mix.wav,0,0,Noise
10734_mix.wav,0,0,Noise
10735_mix.wav,0,0,Noise
10736_mix.wav,0,0,Noise
10737_mix.wav,0,0,Noise
10738_mix.wav,0,0,Noise
10739_mix.wav,0,0,Noise
10740_mix.wav,0,0,Noise
10741_mix.wav,0,0,Noise
10742_mix.wav,0,0,Noise
10743_mix.wav,0,0,Noise
10744_mix.wav,0,0,Noise
10745_mix.wav,0,0,Noise
10746_mix.wav,0,0,Noise
10747_mix.wav,0,0,Noise
10748_mix.wav,0,0,Noise
10749_mix.wav,0,0,Noise
10750_mix.wav,0,0,Noise
10751_mix.wav,0,0,Noise
10752_mix.wav,0,0,Noise
10753_mix.wav,0,0,Noise
10754_mix.wav,0,0,Noise
10755_mix.wav,0,0,Noise
10756_mix.wav,0,0,Noise
10757_mix.wav,0,0,Noise
10758_mix.wav,0,0,Noise
10759_mix.wav,0,0,Noise
10760_mix.wav,0,0,Noise
10761_mix.wav,0,0,Noise
10762_mix.wav,0,0,Noise
10763_mix.wav,0,0,Noise
10764_mix.wav,0,0,Noise
10765_mix.wav,0,0,Noise
10766_mix.wav,0,0,Noise
10767_mix.wav,0,0,Noise
10768_mix.wav,0,0,Noise
10769_mix.wav,0,0,Noise
10770_mix.wav,0,0,Noise
10771_mix.wav,0,0,Noise
10772_mix.wav,0,0,Noise
10773_mix.wav,0,0,Noise
10774_mix.wav,0,0,Noise
10775_mix.wav,0,0,Noise
10776_mix.wav,0,0,Noise
10777_mix.wav,0,0,Noise
10778_mix.wav,0,0,Noise
10779_mix.wav,0,0,Noise
10780_mix.wav,0,0,Noise
10781_mix.wav,0,0,Noise
10782_mix.wav,0,0,Noise
10783_mix.wav,0,0,Noise
10784_mix.wav,0,0,Noise
10785_mix.wav,0,0,Noise
10786_mix.wav,0,0,Noise
10787_mix.wav,0,0,Noise
10788_mix.wav,0,0,Noise
10789_mix.wav,0,0,Noise
10790_mix.wav,0,0,Noise
10791_mix.wav,0,0,Noise
10792_mix.wav,0,0,Noise
10793_mix.wav,0,0,Noise
10794_mix.wav,0,0,Noise
10795_mix.wav,0,0,Noise
10796_mix.wav,0,0,Noise
10797_mix.wav,0,0,Noise
10798_mix.wav,0,0,Noise
10799_mix.wav,0,0,Noise
10800_mix.wav,0,0,Noise
10801_mix.wav,0,0,Noise
10802_mix.wav,0,0,Noise
10803_mix.wav,0,0,Noise
10804_mix.wav,0,0,Noise
10805_mix.wav,0,0,Noise
10806_mix.wav,0,0,Noise
10807_mix.wav,0,0,Noise
10808_mix.wav,0,0,Noise
10809_mix.wav,0,0,Noise
10810_mix.wav,0,0,Noise
10811_mix.wav,0,0,Noise
10812_mix.wav,0,0,Noise
10813_mix.wav,0,0,Noise
10814_mix.wav,0,0,Noise
10815_mix.wav,0,0,Noise
10816_mix.wav,0,0,Noise
10817_mix.wav,0,0,Noise
10818_mix.wav,0,0,Noise
10819_mix.wav,0,0,Noise
10820_mix.wav,0,0,Noise
10821_mix.wav,0,0,Noise
10822_mix.wav,0,0,Noise
10823_mix.wav,0,0,Noise
10824_mix.wav,0,0,Noise
10825_mix.wav,0,0,Noise
10826_mix.wav,0,0,Noise
10827_mix.wav,0,0,Noise
10828_mix.wav,0,0,Noise
10829_mix.wav,0,0,Noise
10830_mix.wav,0,0,Noise
10831_mix.wav,0,0,Noise
10832_mix.wav,0,0,Noise
10833_mix.wav,0,0,Noise
10834_mix.wav,0,0,Noise
10835_mix.wav,0,0,Noise
10836_mix.wav,0,0,Noise
10837_mix.wav,0,0,Noise
10838_mix.wav,0,0,Noise
10839_mix.wav,0,0,Noise
10840_mix.wav,0,0,Noise
10841_mix.wav,0,0,Noise
10842_mix.wav,0,0,Noise
10843_mix.wav,0,0,Noise
10844_mix.wav,0,0,Noise
10845_mix.wav,0,0,Noise
10846_mix.wav,0,0,Noise
10847_mix.wav,0,0,Noise
10848_mix.wav,0,0,Noise
10849_mix.wav,0,0,Noise
10850_mix.wav,0,0,Noise
10851_mix.wav,0,0,Noise
10852_mix.wav,0,0,Noise
10853_mix.wav,0,0,Noise
10854_mix.wav,0,0,Noise
10855_mix.wav,0,0,Noise
10856_mix.wav,0,0,Noise
10857_mix.wav,0,0,Noise
10858_mix.wav,0,0,Noise
10859_mix.wav,0,0,Noise
10860_mix.wav,0,0,Noise
10861_mix.wav,0,0,Noise
10862_mix.wav,0,0,Noise
10863_mix.wav,0,0,Noise
10864_mix.wav,0,0,Noise
10865_mix.wav,0,0,Noise
10866_mix.wav,0,0,Noise
10867_mix.wav,0,0,Noise
10868_mix.wav,0,0,Noise
10869_mix.wav,0,0,Noise
10870_mix.wav,0,0,Noise
10871_mix.wav,0,0,Noise
10872_mix.wav,0,0,Noise
10873_mix.wav,0,0,Noise
10874_mix.wav,0,0,Noise
10875_mix.wav,0,0,Noise
10876_mix.wav,0,0,Noise
10877_mix.wav,0,0,Noise
10878_mix.wav,0,0,Noise
10879_mix.wav,0,0,Noise
10880_mix.wav,0,0,Noise
10881_mix.wav,0,0,Noise
10882_mix.wav,0,0,Noise
10883_mix.wav,0,0,Noise
10884_mix.wav,0,0,Noise
10885_mix.wav,0,0,Noise
10886_mix.wav,0,0,Noise
10887_mix.wav,0,0,Noise
10888_mix.wav,0,0,Noise
10889_mix.wav,0,0,Noise
10890_mix.wav,0,0,Noise
10891_mix.wav,0,0,Noise
10892_mix.wav,0,0,Noise
10893_mix.wav,0,0,Noise
10894_mix.wav,0,0,Noise
10895_mix.wav,0,0,Noise
10896_mix.wav,0,0,Noise
10897_mix.wav,0,0,Noise
10898_mix.wav,0,0,Noise
10899_mix.wav,0,0,Noise
10900_mix.wav,0,0,Noise
10901_mix.wav,0,0,Noise
10902_mix.wav,0,0,Noise
10903_mix.wav,0,0,Noise
10904_mix.wav,0,0,Noise
10905_mix.wav,0,0,Noise
10906_mix.wav,0,0,Noise
10907_mix.wav,0,0,Noise
10908_mix.wav,0,0,Noise
10909_mix.wav,0,0,Noise
10910_mix.wav,0,0,Noise
10911_mix.wav,0,0,Noise
10912_mix.wav,0,0,Noise
10913_mix.wav,0,0,Noise
10914_mix.wav,0,0,Noise
10915_mix.wav,0,0,Noise
10916_mix.wav,0,0,Noise
10917_mix.wav,0,0,Noise
10918_mix.wav,0,0,Noise
10919_mix.wav,0,0,Noise
10920_mix.wav,0,0,Noise
10921_mix.wav,0,0,Noise
10922_mix.wav,0,0,Noise
10923_mix.wav,0,0,Noise
10924_mix.wav,0,0,Noise
10925_mix.wav,0,0,Noise
10926_mix.wav,0,0,Noise
10927_mix.wav,0,0,Noise
10928_mix.wav,0,0,Noise
10929_mix.wav,0,0,Noise
10930_mix.wav,0,0,Noise
10931_mix.wav,0,0,Noise
10932_mix.wav,0,0,Noise
10933_mix.wav,0,0,Noise
10934_mix.wav,0,0,Noise
10935_mix.wav,0,0,Noise
10936_mix.wav,0,0,Noise
10937_mix.wav,0,0,Noise
10938_mix.wav,0,0,Noise
10939_mix.wav,0,0,Noise
10940_mix.wav,0,0,Noise
10941_mix.wav,0,0,Noise
10942_mix.wav,0,0,Noise
10943_mix.wav,0,0,Noise
10944_mix.wav,0,0,Noise
10945_mix.wav,0,0,Noise
10946_mix.wav,0,0,Noise
10947_mix.wav,0,0,Noise
10948_mix.wav,0,0,Noise
10949_mix.wav,0,0,Noise
10950_mix.wav,0,0,Noise
10951_mix.wav,0,0,Noise
10952_mix.wav,0,0,Noise
10953_mix.wav,0,0,Noise
10954_mix.wav,0,0,Noise
10955_mix.wav,0,0,Noise
10956_mix.wav,0,0,Noise
10957_mix.wav,0,0,Noise
10958_mix.wav,0,0,Noise
10959_mix.wav,0,0,Noise
10960_mix.wav,0,0,Noise
10961_mix.wav,0,0,Noise
10962_mix.wav,0,0,Noise
10963_mix.wav,0,0,Noise
10964_mix.wav,0,0,Noise
10965_mix.wav,0,0,Noise
10966_mix.wav,0,0,Noise
10967_mix.wav,0,0,Noise
10968_mix.wav,0,0,Noise
10969_mix.wav,0,0,Noise
10970_mix.wav,0,0,Noise
10971_mix.wav,0,0,Noise
10972_mix.wav,0,0,Noise
10973_mix.wav,0,0,Noise
10974_mix.wav,0,0,Noise
10975_mix.wav,0,0,Noise
10976_mix.wav,0,0,Noise
10977_mix.wav,0,0,Noise
10978_mix.wav,0,0,Noise
10979_mix.wav,0,0,Noise
10980_mix.wav,0,0,Noise
10981_mix.wav,0,0,Noise
10982_mix.wav,0,0,Noise
10983_mix.wav,0,0,Noise
10984_mix.wav,0,0,Noise
10985_mix.wav,0,0,Noise
10986_mix.wav,0,0,Noise
10987_mix.wav,0,0,Noise
10988_mix.wav,0,0,Noise
10989_mix.wav,0,0,Noise
10990_mix.wav,0,0,Noise
10991_mix.wav,0,0,Noise
10992_mix.wav,0,0,Noise
10993_mix.wav,0,0,Noise
10994_mix.wav,0,0,Noise
10995_mix.wav,0,0,Noise
10996_mix.wav,0,0,Noise
10997_mix.wav,0,0,Noise
10998_mix.wav,0,0,Noise
10999_mix.wav,0,0,Noise
11000_mix.wav,0,0,Noise
11001_mix.wav,0,0,Noise
11002_mix.wav,0,0,Noise
11003_mix.wav,0,0,Noise
11004_mix.wav,0,0,Noise
11005_mix.wav,0,0,Noise
11006_mix.wav,0,0,Noise
11007_mix.wav,0,0,Noise
11008_mix.wav,0,0,Noise
11009_mix.wav,0,0,Noise
11010_mix.wav,0,0,Noise
11011_mix.wav,0,0,Noise
11012_mix.wav,0,0,Noise
11013_mix.wav,0,0,Noise
11014_mix.wav,0,0,Noise
11015_mix.wav,0,0,Noise
11016_mix.wav,0,0,Noise
11017_mix.wav,0,0,Noise
11018_mix.wav,0,0,Noise
11019_mix.wav,0,0,Noise
11020_mix.wav,0,0,Noise
11021_mix.wav,0,0,Noise
11022_mix.wav,0,0,Noise
11023_mix.wav,0,0,Noise
11024_mix.wav,0,0,Noise
11025_mix.wav,0,0,Noise
11026_mix.wav,0,0,Noise
11027_mix.wav,0,0,Noise
11028_mix.wav,0,0,Noise
11029_mix.wav,0,0,Noise
11030_mix.wav,0,0,Noise
11031_mix.wav,0,0,Noise
11032_mix.wav,0,0,Noise
11033_mix.wav,0,0,Noise
11034_mix.wav,0,0,Noise
11035_mix.wav,0,0,Noise
11036_mix.wav,0,0,Noise
11037_mix.wav,0,0,Noise
11038_mix.wav,0,0,Noise
11039_mix.wav,0,0,Noise
11040_mix.wav,0,0,Noise
11041_mix.wav,0,0,Noise
11042_mix.wav,0,0,Noise
11043_mix.wav,0,0,Noise
11044_mix.wav,0,0,Noise
11045_mix.wav,0,0,Noise
11046_mix.wav,0,0,Noise
11047_mix.wav,0,0,Noise
11048_mix.wav,0,0,Noise
11049_mix.wav,0,0,Noise
11050_mix.wav,0,0,Noise
11051_mix.wav,0,0,Noise
11052_mix.wav,0,0,Noise
11053_mix.wav,0,0,Noise
11054_mix.wav,0,0,Noise
11055_mix.wav,0,0,Noise
11056_mix.wav,0,0,Noise
11057_mix.wav,0,0,Noise
11058_mix.wav,0,0,Noise
11059_mix.wav,0,0,Noise
11060_mix.wav,0,0,Noise
11061_mix.wav,0,0,Noise
11062_mix.wav,0,0,Noise
11063_mix.wav,0,0,Noise
11064_mix.wav,0,0,Noise
11065_mix.wav,0,0,Noise
11066_mix.wav,0,0,Noise
11067_mix.wav,0,0,Noise
11068_mix.wav,0,0,Noise
11069_mix.wav,0,0,Noise
11070_mix.wav,0,0,Noise
11071_mix.wav,0,0,Noise
11072_mix.wav,0,0,Noise
11073_mix.wav,0,0,Noise
11074_mix.wav,0,0,Noise
11075_mix.wav,0,0,Noise
11076_mix.wav,0,0,Noise
11077_mix.wav,0,0,Noise
11078_mix.wav,0,0,Noise
11079_mix.wav,0,0,Noise
11080_mix.wav,0,0,Noise
11081_mix.wav,0,0,Noise
11082_mix.wav,0,0,Noise
11083_mix.wav,0,0,Noise
11084_mix.wav,0,0,Noise
11085_mix.wav,0,0,Noise
11086_mix.wav,0,0,Noise
11087_mix.wav,0,0,Noise
11088_mix.wav,0,0,Noise
11089_mix.wav,0,0,Noise
11090_mix.wav,0,0,Noise
11091_mix.wav,0,0,Noise
11092_mix.wav,0,0,Noise
11093_mix.wav,0,0,Noise
11094_mix.wav,0,0,Noise
11095_mix.wav,0,0,Noise
11096_mix.wav,0,0,Noise
11097_mix.wav,0,0,Noise
11098_mix.wav,0,0,Noise
11099_mix.wav,0,0,Noise
11100_mix.wav,0,0,Noise
11101_mix.wav,0,0,Noise
11102_mix.wav,0,0,Noise
11103_mix.wav,0,0,Noise
11104_mix.wav,0,0,Noise
11105_mix.wav,0,0,Noise
11106_mix.wav,0,0,Noise
11107_mix.wav,0,0,Noise
11108_mix.wav,0,0,Noise
11109_mix.wav,0,0,Noise
11110_mix.wav,0,0,Noise
11111_mix.wav,0,0,Noise
11112_mix.wav,0,0,Noise
11113_mix.wav,0,0,Noise
11114_mix.wav,0,0,Noise
11115_mix.wav,0,0,Noise
11116_mix.wav,0,0,Noise
11117_mix.wav,0,0,Noise
11118_mix.wav,0,0,Noise
11119_mix.wav,0,0,Noise
11120_mix.wav,0,0,Noise
11121_mix.wav,0,0,Noise
11122_mix.wav,0,0,Noise
11123_mix.wav,0,0,Noise
11124_mix.wav,0,0,Noise
11125_mix.wav,0,0,Noise
11126_mix.wav,0,0,Noise
11127_mix.wav,0,0,Noise
11128_mix.wav,0,0,Noise
11129_mix.wav,0,0,Noise
11130_mix.wav,0,0,Noise
11131_mix.wav,0,0,Noise
11132_mix.wav,0,0,Noise
11133_mix.wav,0,0,Noise
11134_mix.wav,0,0,Noise
11135_mix.wav,0,0,Noise
11136_mix.wav,0,0,Noise
11137_mix.wav,0,0,Noise
11138_mix.wav,0,0,Noise
11139_mix.wav,0,0,Noise
11140_mix.wav,0,0,Noise
11141_mix.wav,0,0,Noise
11142_mix.wav,0,0,Noise
11143_mix.wav,0,0,Noise
11144_mix.wav,0,0,Noise
11145_mix.wav,0,0,Noise
11146_mix.wav,0,0,Noise
11147_mix.wav,0,0,Noise
11148_mix.wav,0,0,Noise
11149_mix.wav,0,0,Noise
11150_mix.wav,0,0,Noise
11151_mix.wav,0,0,Noise
11152_mix.wav,0,0,Noise
11153_mix.wav,0,0,Noise
11154_mix.wav,0,0,Noise
11155_mix.wav,0,0,Noise
11156_mix.wav,0,0,Noise
11157_mix.wav,0,0,Noise
11158_mix.wav,0,0,Noise
11159_mix.wav,0,0,Noise
11160_mix.wav,0,0,Noise
11161_mix.wav,0,0,Noise
11162_mix.wav,0,0,Noise
11163_mix.wav,0,0,Noise
11164_mix.wav,0,0,Noise
11165_mix.wav,0,0,Noise
11166_mix.wav,0,0,Noise
11167_mix.wav,0,0,Noise
11168_mix.wav,0,0,Noise
11169_mix.wav,0,0,Noise
11170_mix.wav,0,0,Noise
11171_mix.wav,0,0,Noise
11172_mix.wav,0,0,Noise
11173_mix.wav,0,0,Noise
11174_mix.wav,0,0,Noise
11175_mix.wav,0,0,Noise
11176_mix.wav,0,0,Noise
11177_mix.wav,0,0,Noise
11178_mix.wav,0,0,Noise
11179_mix.wav,0,0,Noise
11180_mix.wav,0,0,Noise
11181_mix.wav,0,0,Noise
11182_mix.wav,0,0,Noise
11183_mix.wav,0,0,Noise
11184_mix.wav,0,0,Noise
11185_mix.wav,0,0,Noise
11186_mix.wav,0,0,Noise
11187_mix.wav,0,0,Noise
11188_mix.wav,0,0,Noise
11189_mix.wav,0,0,Noise
11190_mix.wav,0,0,Noise
11191_mix.wav,0,0,Noise
11192_mix.wav,0,0,Noise
11193_mix.wav,0,0,Noise
11194_mix.wav,0,0,Noise
11195_mix.wav,0,0,Noise
11196_mix.wav,0,0,Noise
11197_mix.wav,0,0,Noise
11198_mix.wav,0,0,Noise
11199_mix.wav,0,0,Noise
11200_mix.wav,0,0,Noise
11201_mix.wav,0,0,Noise
11202_mix.wav,0,0,Noise
11203_mix.wav,0,0,Noise
11204_mix.wav,0,0,Noise
11205_mix.wav,0,0,Noise
11206_mix.wav,0,0,Noise
11207_mix.wav,0,0,Noise
11208_mix.wav,0,0,Noise
11209_mix.wav,0,0,Noise
11210_mix.wav,0,0,Noise
11211_mix.wav,0,0,Noise
11212_mix.wav,0,0,Noise
11213_mix.wav,0,0,Noise
11214_mix.wav,0,0,Noise
11215_mix.wav,0,0,Noise
11216_mix.wav,0,0,Noise
11217_mix.wav,0,0,Noise
11218_mix.wav,0,0,Noise
11219_mix.wav,0,0,Noise
11220_mix.wav,0,0,Noise
11221_mix.wav,0,0,Noise
11222_mix.wav,0,0,Noise
11223_mix.wav,0,0,Noise
11224_mix.wav,0,0,Noise
11225_mix.wav,0,0,Noise
11226_mix.wav,0,0,Noise
11227_mix.wav,0,0,Noise
11228_mix.wav,0,0,Noise
11229_mix.wav,0,0,Noise
11230_mix.wav,0,0,Noise
11231_mix.wav,0,0,Noise
11232_mix.wav,0,0,Noise
11233_mix.wav,0,0,Noise
11234_mix.wav,0,0,Noise
11235_mix.wav,0,0,Noise
11236_mix.wav,0,0,Noise
11237_mix.wav,0,0,Noise
11238_mix.wav,0,0,Noise
11239_mix.wav,0,0,Noise
11240_mix.wav,0,0,Noise
11241_mix.wav,0,0,Noise
11242_mix.wav,0,0,Noise
11243_mix.wav,0,0,Noise
11244_mix.wav,0,0,Noise
11245_mix.wav,0,0,Noise
11246_mix.wav,0,0,Noise
11247_mix.wav,0,0,Noise
11248_mix.wav,0,0,Noise
11249_mix.wav,0,0,Noise
11250_mix.wav,0,0,Noise
11251_mix.wav,0,0,Noise
11252_mix.wav,0,0,Noise
11253_mix.wav,0,0,Noise
11254_mix.wav,0,0,Noise
11255_mix.wav,0,0,Noise
11256_mix.wav,0,0,Noise
11257_mix.wav,0,0,Noise
11258_mix.wav,0,0,Noise
11259_mix.wav,0,0,Noise
11260_mix.wav,0,0,Noise
11261_mix.wav,0,0,Noise
11262_mix.wav,0,0,Noise
11263_mix.wav,0,0,Noise
11264_mix.wav,0,0,Noise
11265_mix.wav,0,0,Noise
11266_mix.wav,0,0,Noise
11267_mix.wav,0,0,Noise
11268_mix.wav,0,0,Noise
11269_mix.wav,0,0,Noise
11270_mix.wav,0,0,Noise
11271_mix.wav,0,0,Noise
11272_mix.wav,0,0,Noise
11273_mix.wav,0,0,Noise
11274_mix.wav,0,0,Noise
11275_mix.wav,0,0,Noise
11276_mix.wav,0,0,Noise
11277_mix.wav,0,0,Noise
11278_mix.wav,0,0,Noise
11279_mix.wav,0,0,Noise
11280_mix.wav,0,0,Noise
11281_mix.wav,0,0,Noise
11282_mix.wav,0,0,Noise
11283_mix.wav,0,0,Noise
11284_mix.wav,0,0,Noise
11285_mix.wav,0,0,Noise
11286_mix.wav,0,0,Noise
11287_mix.wav,0,0,Noise
11288_mix.wav,0,0,Noise
11289_mix.wav,0,0,Noise
11290_mix.wav,0,0,Noise
11291_mix.wav,0,0,Noise
11292_mix.wav,0,0,Noise
11293_mix.wav,0,0,Noise
11294_mix.wav,0,0,Noise
11295_mix.wav,0,0,Noise
11296_mix.wav,0,0,Noise
11297_mix.wav,0,0,Noise
11298_mix.wav,0,0,Noise
11299_mix.wav,0,0,Noise
11300_mix.wav,0,0,Noise
11301_mix.wav,0,0,Noise
11302_mix.wav,0,0,Noise
11303_mix.wav,0,0,Noise
11304_mix.wav,0,0,Noise
11305_mix.wav,0,0,Noise
11306_mix.wav,0,0,Noise
11307_mix.wav,0,0,Noise
11308_mix.wav,0,0,Noise
11309_mix.wav,0,0,Noise
11310_mix.wav,0,0,Noise
11311_mix.wav,0,0,Noise
11312_mix.wav,0,0,Noise
11313_mix.wav,0,0,Noise
11314_mix.wav,0,0,Noise
11315_mix.wav,0,0,Noise
11316_mix.wav,0,0,Noise
11317_mix.wav,0,0,Noise
11318_mix.wav,0,0,Noise
11319_mix.wav,0,0,Noise
11320_mix.wav,0,0,Noise
11321_mix.wav,0,0,Noise
11322_mix.wav,0,0,Noise
11323_mix.wav,0,0,Noise
11324_mix.wav,0,0,Noise
11325_mix.wav,0,0,Noise
11326_mix.wav,0,0,Noise
11327_mix.wav,0,0,Noise
11328_mix.wav,0,0,Noise
11329_mix.wav,0,0,Noise
11330_mix.wav,0,0,Noise
11331_mix.wav,0,0,Noise
11332_mix.wav,0,0,Noise
11333_mix.wav,0,0,Noise
11334_mix.wav,0,0,Noise
11335_mix.wav,0,0,Noise
11336_mix.wav,0,0,Noise
11337_mix.wav,0,0,Noise
11338_mix.wav,0,0,Noise
11339_mix.wav,0,0,Noise
11340_mix.wav,0,0,Noise
11341_mix.wav,0,0,Noise
11342_mix.wav,0,0,Noise
11343_mix.wav,0,0,Noise
11344_mix.wav,0,0,Noise
11345_mix.wav,0,0,Noise
11346_mix.wav,0,0,Noise
11347_mix.wav,0,0,Noise
11348_mix.wav,0,0,Noise
11349_mix.wav,0,0,Noise
11350_mix.wav,0,0,Noise
11351_mix.wav,0,0,Noise
11352_mix.wav,0,0,Noise
11353_mix.wav,0,0,Noise
11354_mix.wav,0,0,Noise
11355_mix.wav,0,0,Noise
11356_mix.wav,0,0,Noise
11357_mix.wav,0,0,Noise
11358_mix.wav,0,0,Noise
11359_mix.wav,0,0,Noise
11360_mix.wav,0,0,Noise
11361_mix.wav,0,0,Noise
11362_mix.wav,0,0,Noise
11363_mix.wav,0,0,Noise
11364_mix.wav,0,0,Noise
11365_mix.wav,0,0,Noise
11366_mix.wav,0,0,Noise
11367_mix.wav,0,0,Noise
11368_mix.wav,0,0,Noise
11369_mix.wav,0,0,Noise
11370_mix.wav,0,0,Noise
11371_mix.wav,0,0,Noise
11372_mix.wav,0,0,Noise
11373_mix.wav,0,0,Noise
11374_mix.wav,0,0,Noise
11375_mix.wav,0,0,Noise
11376_mix.wav,0,0,Noise
11377_mix.wav,0,0,Noise
11378_mix.wav,0,0,Noise
11379_mix.wav,0,0,Noise
11380_mix.wav,0,0,Noise
11381_mix.wav,0,0,Noise
11382_mix.wav,0,0,Noise
11383_mix.wav,0,0,Noise
11384_mix.wav,0,0,Noise
11385_mix.wav,0,0,Noise
11386_mix.wav,0,0,Noise
11387_mix.wav,0,0,Noise
11388_mix.wav,0,0,Noise
11389_mix.wav,0,0,Noise
11390_mix.wav,0,0,Noise
11391_mix.wav,0,0,Noise
11392_mix.wav,0,0,Noise
11393_mix.wav,0,0,Noise
11394_mix.wav,0,0,Noise
11395_mix.wav,0,0,Noise
11396_mix.wav,0,0,Noise
11397_mix.wav,0,0,Noise
11398_mix.wav,0,0,Noise
11399_mix.wav,0,0,Noise
11400_mix.wav,0,0,Noise
11401_mix.wav,0,0,Noise
11402_mix.wav,0,0,Noise
11403_mix.wav,0,0,Noise
11404_mix.wav,0,0,Noise
11405_mix.wav,0,0,Noise
11406_mix.wav,0,0,Noise
11407_mix.wav,0,0,Noise
11408_mix.wav,0,0,Noise
11409_mix.wav,0,0,Noise
11410_mix.wav,0,0,Noise
11411_mix.wav,0,0,Noise
11412_mix.wav,0,0,Noise
11413_mix.wav,0,0,Noise
11414_mix.wav,0,0,Noise
11415_mix.wav,0,0,Noise
11416_mix.wav,0,0,Noise
11417_mix.wav,0,0,Noise
11418_mix.wav,0,0,Noise
11419_mix.wav,0,0,Noise
11420_mix.wav,0,0,Noise
11421_mix.wav,0,0,Noise
11422_mix.wav,0,0,Noise
11423_mix.wav,0,0,Noise
11424_mix.wav,0,0,Noise
11425_mix.wav,0,0,Noise
11426_mix.wav,0,0,Noise
11427_mix.wav,0,0,Noise
11428_mix.wav,0,0,Noise
11429_mix.wav,0,0,Noise
11430_mix.wav,0,0,Noise
11431_mix.wav,0,0,Noise
11432_mix.wav,0,0,Noise
11433_mix.wav,0,0,Noise
11434_mix.wav,0,0,Noise
11435_mix.wav,0,0,Noise
11436_mix.wav,0,0,Noise
11437_mix.wav,0,0,Noise
11438_mix.wav,0,0,Noise
11439_mix.wav,0,0,Noise
11440_mix.wav,0,0,Noise
11441_mix.wav,0,0,Noise
11442_mix.wav,0,0,Noise
11443_mix.wav,0,0,Noise
11444_mix.wav,0,0,Noise
11445_mix.wav,0,0,Noise
11446_mix.wav,0,0,Noise
11447_mix.wav,0,0,Noise
11448_mix.wav,0,0,Noise
11449_mix.wav,0,0,Noise
11450_mix.wav,0,0,Noise
11451_mix.wav,0,0,Noise
11452_mix.wav,0,0,Noise
11453_mix.wav,0,0,Noise
11454_mix.wav,0,0,Noise
11455_mix.wav,0,0,Noise
11456_mix.wav,0,0,Noise
11457_mix.wav,0,0,Noise
11458_mix.wav,0,0,Noise
11459_mix.wav,0,0,Noise
11460_mix.wav,0,0,Noise
11461_mix.wav,0,0,Noise
11462_mix.wav,0,0,Noise
11463_mix.wav,0,0,Noise
11464_mix.wav,0,0,Noise
11465_mix.wav,0,0,Noise
11466_mix.wav,0,0,Noise
11467_mix.wav,0,0,Noise
11468_mix.wav,0,0,Noise
11469_mix.wav,0,0,Noise
11470_mix.wav,0,0,Noise
11471_mix.wav,0,0,Noise
11472_mix.wav,0,0,Noise
11473_mix.wav,0,0,Noise
11474_mix.wav,0,0,Noise
11475_mix.wav,0,0,Noise
11476_mix.wav,0,0,Noise
11477_mix.wav,0,0,Noise
11478_mix.wav,0,0,Noise
11479_mix.wav,0,0,Noise
11480_mix.wav,0,0,Noise
11481_mix.wav,0,0,Noise
11482_mix.wav,0,0,Noise
11483_mix.wav,0,0,Noise
11484_mix.wav,0,0,Noise
11485_mix.wav,0,0,Noise
11486_mix.wav,0,0,Noise
11487_mix.wav,0,0,Noise
11488_mix.wav,0,0,Noise
11489_mix.wav,0,0,Noise
11490_mix.wav,0,0,Noise
11491_mix.wav,0,0,Noise
11492_mix.wav,0,0,Noise
11493_mix.wav,0,0,Noise
11494_mix.wav,0,0,Noise
11495_mix.wav,0,0,Noise
11496_mix.wav,0,0,Noise
11497_mix.wav,0,0,Noise
11498_mix.wav,0,0,Noise
11499_mix.wav,0,0,Noise
11500_mix.wav,0,0,Noise
11501_mix.wav,0,0,Noise
11502_mix.wav,0,0,Noise
11503_mix.wav,0,0,Noise
11504_mix.wav,0,0,Noise
11505_mix.wav,0,0,Noise
11506_mix.wav,0,0,Noise
11507_mix.wav,0,0,Noise
11508_mix.wav,0,0,Noise
11509_mix.wav,0,0,Noise
11510_mix.wav,0,0,Noise
11511_mix.wav,0,0,Noise
11512_mix.wav,0,0,Noise
11513_mix.wav,0,0,Noise
11514_mix.wav,0,0,Noise
11515_mix.wav,0,0,Noise
11516_mix.wav,0,0,Noise
11517_mix.wav,0,0,Noise
11518_mix.wav,0,0,Noise
11519_mix.wav,0,0,Noise
11520_mix.wav,0,0,Noise
11521_mix.wav,0,0,Noise
11522_mix.wav,0,0,Noise
11523_mix.wav,0,0,Noise
11524_mix.wav,0,0,Noise
11525_mix.wav,0,0,Noise
11526_mix.wav,0,0,Noise
11527_mix.wav,0,0,Noise
11528_mix.wav,0,0,Noise
11529_mix.wav,0,0,Noise
11530_mix.wav,0,0,Noise
11531_mix.wav,0,0,Noise
11532_mix.wav,0,0,Noise
11533_mix.wav,0,0,Noise
11534_mix.wav,0,0,Noise
11535_mix.wav,0,0,Noise
11536_mix.wav,0,0,Noise
11537_mix.wav,0,0,Noise
11538_mix.wav,0,0,Noise
11539_mix.wav,0,0,Noise
11540_mix.wav,0,0,Noise
11541_mix.wav,0,0,Noise
11542_mix.wav,0,0,Noise
11543_mix.wav,0,0,Noise
11544_mix.wav,0,0,Noise
11545_mix.wav,0,0,Noise
11546_mix.wav,0,0,Noise
11547_mix.wav,0,0,Noise
11548_mix.wav,0,0,Noise
11549_mix.wav,0,0,Noise
11550_mix.wav,0,0,Noise
11551_mix.wav,0,0,Noise
11552_mix.wav,0,0,Noise
11553_mix.wav,0,0,Noise
11554_mix.wav,0,0,Noise
11555_mix.wav,0,0,Noise
11556_mix.wav,0,0,Noise
11557_mix.wav,0,0,Noise
11558_mix.wav,0,0,Noise
11559_mix.wav,0,0,Noise
11560_mix.wav,0,0,Noise
11561_mix.wav,0,0,Noise
11562_mix.wav,0,0,Noise
11563_mix.wav,0,0,Noise
11564_mix.wav,0,0,Noise
11565_mix.wav,0,0,Noise
11566_mix.wav,0,0,Noise
11567_mix.wav,0,0,Noise
11568_mix.wav,0,0,Noise
11569_mix.wav,0,0,Noise
11570_mix.wav,0,0,Noise
11571_mix.wav,0,0,Noise
11572_mix.wav,0,0,Noise
11573_mix.wav,0,0,Noise
11574_mix.wav,0,0,Noise
11575_mix.wav,0,0,Noise
11576_mix.wav,0,0,Noise
11577_mix.wav,0,0,Noise
11578_mix.wav,0,0,Noise
11579_mix.wav,0,0,Noise
11580_mix.wav,0,0,Noise
11581_mix.wav,0,0,Noise
11582_mix.wav,0,0,Noise
11583_mix.wav,0,0,Noise
11584_mix.wav,0,0,Noise
11585_mix.wav,0,0,Noise
11586_mix.wav,0,0,Noise
11587_mix.wav,0,0,Noise
11588_mix.wav,0,0,Noise
11589_mix.wav,0,0,Noise
11590_mix.wav,0,0,Noise
11591_mix.wav,0,0,Noise
11592_mix.wav,0,0,Noise
11593_mix.wav,0,0,Noise
11594_mix.wav,0,0,Noise
11595_mix.wav,0,0,Noise
11596_mix.wav,0,0,Noise
11597_mix.wav,0,0,Noise
11598_mix.wav,0,0,Noise
11599_mix.wav,0,0,Noise
11600_mix.wav,0,0,Noise
11601_mix.wav,0,0,Noise
11602_mix.wav,0,0,Noise
11603_mix.wav,0,0,Noise
11604_mix.wav,0,0,Noise
11605_mix.wav,0,0,Noise
11606_mix.wav,0,0,Noise
11607_mix.wav,0,0,Noise
11608_mix.wav,0,0,Noise
11609_mix.wav,0,0,Noise
11610_mix.wav,0,0,Noise
11611_mix.wav,0,0,Noise
11612_mix.wav,0,0,Noise
11613_mix.wav,0,0,Noise
11614_mix.wav,0,0,Noise
11615_mix.wav,0,0,Noise
11616_mix.wav,0,0,Noise
11617_mix.wav,0,0,Noise
11618_mix.wav,0,0,Noise
11619_mix.wav,0,0,Noise
11620_mix.wav,0,0,Noise
11621_mix.wav,0,0,Noise
11622_mix.wav,0,0,Noise
11623_mix.wav,0,0,Noise
11624_mix.wav,0,0,Noise
11625_mix.wav,0,0,Noise
11626_mix.wav,0,0,Noise
11627_mix.wav,0,0,Noise
11628_mix.wav,0,0,Noise
11629_mix.wav,0,0,Noise
11630_mix.wav,0,0,Noise
11631_mix.wav,0,0,Noise
11632_mix.wav,0,0,Noise
11633_mix.wav,0,0,Noise
11634_mix.wav,0,0,Noise
11635_mix.wav,0,0,Noise
11636_mix.wav,0,0,Noise
11637_mix.wav,0,0,Noise
11638_mix.wav,0,0,Noise
11639_mix.wav,0,0,Noise
11640_mix.wav,0,0,Noise
11641_mix.wav,0,0,Noise
11642_mix.wav,0,0,Noise
11643_mix.wav,0,0,Noise
11644_mix.wav,0,0,Noise
11645_mix.wav,0,0,Noise
11646_mix.wav,0,0,Noise
11647_mix.wav,0,0,Noise
11648_mix.wav,0,0,Noise
11649_mix.wav,0,0,Noise
11650_mix.wav,0,0,Noise
11651_mix.wav,0,0,Noise
11652_mix.wav,0,0,Noise
11653_mix.wav,0,0,Noise
11654_mix.wav,0,0,Noise
11655_mix.wav,0,0,Noise
11656_mix.wav,0,0,Noise
11657_mix.wav,0,0,Noise
11658_mix.wav,0,0,Noise
11659_mix.wav,0,0,Noise
11660_mix.wav,0,0,Noise
11661_mix.wav,0,0,Noise
11662_mix.wav,0,0,Noise
11663_mix.wav,0,0,Noise
11664_mix.wav,0,0,Noise
11665_mix.wav,0,0,Noise
11666_mix.wav,0,0,Noise
11667_mix.wav,0,0,Noise
11668_mix.wav,0,0,Noise
11669_mix.wav,0,0,Noise
11670_mix.wav,0,0,Noise
11671_mix.wav,0,0,Noise
11672_mix.wav,0,0,Noise
11673_mix.wav,0,0,Noise
11674_mix.wav,0,0,Noise
11675_mix.wav,0,0,Noise
11676_mix.wav,0,0,Noise
11677_mix.wav,0,0,Noise
11678_mix.wav,0,0,Noise
11679_mix.wav,0,0,Noise
11680_mix.wav,0,0,Noise
11681_mix.wav,0,0,Noise
11682_mix.wav,0,0,Noise
11683_mix.wav,0,0,Noise
11684_mix.wav,0,0,Noise
11685_mix.wav,0,0,Noise
11686_mix.wav,0,0,Noise
11687_mix.wav,0,0,Noise
11688_mix.wav,0,0,Noise
11689_mix.wav,0,0,Noise
11690_mix.wav,0,0,Noise
11691_mix.wav,0,0,Noise
11692_mix.wav,0,0,Noise
11693_mix.wav,0,0,Noise
11694_mix.wav,0,0,Noise
11695_mix.wav,0,0,Noise
11696_mix.wav,0,0,Noise
11697_mix.wav,0,0,Noise
11698_mix.wav,0,0,Noise
11699_mix.wav,0,0,Noise
11700_mix.wav,0,0,Noise
11701_mix.wav,0,0,Noise
11702_mix.wav,0,0,Noise
11703_mix.wav,0,0,Noise
11704_mix.wav,0,0,Noise
11705_mix.wav,0,0,Noise
11706_mix.wav,0,0,Noise
11707_mix.wav,0,0,Noise
11708_mix.wav,0,0,Noise
11709_mix.wav,0,0,Noise
11710_mix.wav,0,0,Noise
11711_mix.wav,0,0,Noise
11712_mix.wav,0,0,Noise
11713_mix.wav,0,0,Noise
11714_mix.wav,0,0,Noise
11715_mix.wav,0,0,Noise
11716_mix.wav,0,0,Noise
11717_mix.wav,0,0,Noise
11718_mix.wav,0,0,Noise
11719_mix.wav,0,0,Noise
11720_mix.wav,0,0,Noise
11721_mix.wav,0,0,Noise
11722_mix.wav,0,0,Noise
11723_mix.wav,0,0,Noise
11724_mix.wav,0,0,Noise
11725_mix.wav,0,0,Noise
11726_mix.wav,0,0,Noise
11727_mix.wav,0,0,Noise
11728_mix.wav,0,0,Noise
11729_mix.wav,0,0,Noise
11730_mix.wav,0,0,Noise
11731_mix.wav,0,0,Noise
11732_mix.wav,0,0,Noise
11733_mix.wav,0,0,Noise
11734_mix.wav,0,0,Noise
11735_mix.wav,0,0,Noise
11736_mix.wav,0,0,Noise
11737_mix.wav,0,0,Noise
11738_mix.wav,0,0,Noise
11739_mix.wav,0,0,Noise
11740_mix.wav,0,0,Noise
11741_mix.wav,0,0,Noise
11742_mix.wav,0,0,Noise
11743_mix.wav,0,0,Noise
11744_mix.wav,0,0,Noise
11745_mix.wav,0,0,Noise
11746_mix.wav,0,0,Noise
11747_mix.wav,0,0,Noise
11748_mix.wav,0,0,Noise
11749_mix.wav,0,0,Noise
11750_mix.wav,0,0,Noise
11751_mix.wav,0,0,Noise
11752_mix.wav,0,0,Noise
11753_mix.wav,0,0,Noise
11754_mix.wav,0,0,Noise
11755_mix.wav,0,0,Noise
11756_mix.wav,0,0,Noise
11757_mix.wav,0,0,Noise
11758_mix.wav,0,0,Noise
11759_mix.wav,0,0,Noise
11760_mix.wav,0,0,Noise
11761_mix.wav,0,0,Noise
11762_mix.wav,0,0,Noise
11763_mix.wav,0,0,Noise
11764_mix.wav,0,0,Noise
11765_mix.wav,0,0,Noise
11766_mix.wav,0,0,Noise
11767_mix.wav,0,0,Noise
11768_mix.wav,0,0,Noise
11769_mix.wav,0,0,Noise
11770_mix.wav,0,0,Noise
11771_mix.wav,0,0,Noise
11772_mix.wav,0,0,Noise
11773_mix.wav,0,0,Noise
11774_mix.wav,0,0,Noise
11775_mix.wav,0,0,Noise
11776_mix.wav,0,0,Noise
11777_mix.wav,0,0,Noise
11778_mix.wav,0,0,Noise
11779_mix.wav,0,0,Noise
11780_mix.wav,0,0,Noise
11781_mix.wav,0,0,Noise
11782_mix.wav,0,0,Noise
11783_mix.wav,0,0,Noise
11784_mix.wav,0,0,Noise
11785_mix.wav,0,0,Noise
11786_mix.wav,0,0,Noise
11787_mix.wav,0,0,Noise
11788_mix.wav,0,0,Noise
11789_mix.wav,0,0,Noise
11790_mix.wav,0,0,Noise
11791_mix.wav,0,0,Noise
11792_mix.wav,0,0,Noise
11793_mix.wav,0,0,Noise
11794_mix.wav,0,0,Noise
11795_mix.wav,0,0,Noise
11796_mix.wav,0,0,Noise
11797_mix.wav,0,0,Noise
11798_mix.wav,0,0,Noise
11799_mix.wav,0,0,Noise
11800_mix.wav,0,0,Noise
11801_mix.wav,0,0,Noise
11802_mix.wav,0,0,Noise
11803_mix.wav,0,0,Noise
11804_mix.wav,0,0,Noise
11805_mix.wav,0,0,Noise
11806_mix.wav,0,0,Noise
11807_mix.wav,0,0,Noise
11808_mix.wav,0,0,Noise
11809_mix.wav,0,0,Noise
11810_mix.wav,0,0,Noise
11811_mix.wav,0,0,Noise
11812_mix.wav,0,0,Noise
11813_mix.wav,0,0,Noise
11814_mix.wav,0,0,Noise
11815_mix.wav,0,0,Noise
11816_mix.wav,0,0,Noise
11817_mix.wav,0,0,Noise
11818_mix.wav,0,0,Noise
11819_mix.wav,0,0,Noise
11820_mix.wav,0,0,Noise
11821_mix.wav,0,0,Noise
11822_mix.wav,0,0,Noise
11823_mix.wav,0,0,Noise
11824_mix.wav,0,0,Noise
11825_mix.wav,0,0,Noise
11826_mix.wav,0,0,Noise
11827_mix.wav,0,0,Noise
11828_mix.wav,0,0,Noise
11829_mix.wav,0,0,Noise
11830_mix.wav,0,0,Noise
11831_mix.wav,0,0,Noise
11832_mix.wav,0,0,Noise
11833_mix.wav,0,0,Noise
11834_mix.wav,0,0,Noise
11835_mix.wav,0,0,Noise
11836_mix.wav,0,0,Noise
11837_mix.wav,0,0,Noise
11838_mix.wav,0,0,Noise
11839_mix.wav,0,0,Noise
11840_mix.wav,0,0,Noise
11841_mix.wav,0,0,Noise
11842_mix.wav,0,0,Noise
11843_mix.wav,0,0,Noise
11844_mix.wav,0,0,Noise
11845_mix.wav,0,0,Noise
11846_mix.wav,0,0,Noise
11847_mix.wav,0,0,Noise
11848_mix.wav,0,0,Noise
11849_mix.wav,0,0,Noise
11850_mix.wav,0,0,Noise
11851_mix.wav,0,0,Noise
11852_mix.wav,0,0,Noise
11853_mix.wav,0,0,Noise
11854_mix.wav,0,0,Noise
11855_mix.wav,0,0,Noise
11856_mix.wav,0,0,Noise
11857_mix.wav,0,0,Noise
11858_mix.wav,0,0,Noise
11859_mix.wav,0,0,Noise
11860_mix.wav,0,0,Noise
11861_mix.wav,0,0,Noise
11862_mix.wav,0,0,Noise
11863_mix.wav,0,0,Noise
11864_mix.wav,0,0,Noise
11865_mix.wav,0,0,Noise
11866_mix.wav,0,0,Noise
11867_mix.wav,0,0,Noise
11868_mix.wav,0,0,Noise
11869_mix.wav,0,0,Noise
11870_mix.wav,0,0,Noise
11871_mix.wav,0,0,Noise
11872_mix.wav,0,0,Noise
11873_mix.wav,0,0,Noise
11874_mix.wav,0,0,Noise
11875_mix.wav,0,0,Noise
11876_mix.wav,0,0,Noise
11877_mix.wav,0,0,Noise
11878_mix.wav,0,0,Noise
11879_mix.wav,0,0,Noise
11880_mix.wav,0,0,Noise
11881_mix.wav,0,0,Noise
11882_mix.wav,0,0,Noise
11883_mix.wav,0,0,Noise
11884_mix.wav,0,0,Noise
11885_mix.wav,0,0,Noise
11886_mix.wav,0,0,Noise
11887_mix.wav,0,0,Noise
11888_mix.wav,0,0,Noise
11889_mix.wav,0,0,Noise
11890_mix.wav,0,0,Noise
11891_mix.wav,0,0,Noise
11892_mix.wav,0,0,Noise
11893_mix.wav,0,0,Noise
11894_mix.wav,0,0,Noise
11895_mix.wav,0,0,Noise
11896_mix.wav,0,0,Noise
11897_mix.wav,0,0,Noise
11898_mix.wav,0,0,Noise
11899_mix.wav,0,0,Noise
11900_mix.wav,0,0,Noise
11901_mix.wav,0,0,Noise
11902_mix.wav,0,0,Noise
11903_mix.wav,0,0,Noise
11904_mix.wav,0,0,Noise
11905_mix.wav,0,0,Noise
11906_mix.wav,0,0,Noise
11907_mix.wav,0,0,Noise
11908_mix.wav,0,0,Noise
11909_mix.wav,0,0,Noise
11910_mix.wav,0,0,Noise
11911_mix.wav,0,0,Noise
11912_mix.wav,0,0,Noise
11913_mix.wav,0,0,Noise
11914_mix.wav,0,0,Noise
11915_mix.wav,0,0,Noise
11916_mix.wav,0,0,Noise
11917_mix.wav,0,0,Noise
11918_mix.wav,0,0,Noise
11919_mix.wav,0,0,Noise
11920_mix.wav,0,0,Noise
11921_mix.wav,0,0,Noise
11922_mix.wav,0,0,Noise
11923_mix.wav,0,0,Noise
11924_mix.wav,0,0,Noise
11925_mix.wav,0,0,Noise
11926_mix.wav,0,0,Noise
11927_mix.wav,0,0,Noise
11928_mix.wav,0,0,Noise
11929_mix.wav,0,0,Noise
11930_mix.wav,0,0,Noise
11931_mix.wav,0,0,Noise
11932_mix.wav,0,0,Noise
11933_mix.wav,0,0,Noise
11934_mix.wav,0,0,Noise
11935_mix.wav,0,0,Noise
11936_mix.wav,0,0,Noise
11937_mix.wav,0,0,Noise
11938_mix.wav,0,0,Noise
11939_mix.wav,0,0,Noise
11940_mix.wav,0,0,Noise
11941_mix.wav,0,0,Noise
11942_mix.wav,0,0,Noise
11943_mix.wav,0,0,Noise
11944_mix.wav,0,0,Noise
11945_mix.wav,0,0,Noise
11946_mix.wav,0,0,Noise
11947_mix.wav,0,0,Noise
11948_mix.wav,0,0,Noise
11949_mix.wav,0,0,Noise
11950_mix.wav,0,0,Noise
11951_mix.wav,0,0,Noise
11952_mix.wav,0,0,Noise
11953_mix.wav,0,0,Noise
11954_mix.wav,0,0,Noise
11955_mix.wav,0,0,Noise
11956_mix.wav,0,0,Noise
11957_mix.wav,0,0,Noise
11958_mix.wav,0,0,Noise
11959_mix.wav,0,0,Noise
11960_mix.wav,0,0,Noise
11961_mix.wav,0,0,Noise
11962_mix.wav,0,0,Noise
11963_mix.wav,0,0,Noise
11964_mix.wav,0,0,Noise
11965_mix.wav,0,0,Noise
11966_mix.wav,0,0,Noise
11967_mix.wav,0,0,Noise
11968_mix.wav,0,0,Noise
11969_mix.wav,0,0,Noise
11970_mix.wav,0,0,Noise
11971_mix.wav,0,0,Noise
11972_mix.wav,0,0,Noise
11973_mix.wav,0,0,Noise
11974_mix.wav,0,0,Noise
11975_mix.wav,0,0,Noise
11976_mix.wav,0,0,Noise
11977_mix.wav,0,0,Noise
11978_mix.wav,0,0,Noise
11979_mix.wav,0,0,Noise
11980_mix.wav,0,0,Noise
11981_mix.wav,0,0,Noise
11982_mix.wav,0,0,Noise
11983_mix.wav,0,0,Noise
11984_mix.wav,0,0,Noise
11985_mix.wav,0,0,Noise
11986_mix.wav,0,0,Noise
11987_mix.wav,0,0,Noise
11988_mix.wav,0,0,Noise
11989_mix.wav,0,0,Noise
11990_mix.wav,0,0,Noise
11991_mix.wav,0,0,Noise
11992_mix.wav,0,0,Noise
11993_mix.wav,0,0,Noise
11994_mix.wav,0,0,Noise
11995_mix.wav,0,0,Noise
11996_mix.wav,0,0,Noise
11997_mix.wav,0,0,Noise
11998_mix.wav,0,0,Noise
11999_mix.wav,0,0,Noise
12000_mix.wav,0,0,Noise
12001_mix.wav,0,0,Noise
12002_mix.wav,0,0,Noise
12003_mix.wav,0,0,Noise
12004_mix.wav,0,0,Noise
12005_mix.wav,0,0,Noise
12006_mix.wav,0,0,Noise
12007_mix.wav,0,0,Noise
12008_mix.wav,0,0,Noise
12009_mix.wav,0,0,Noise
12010_mix.wav,0,0,Noise
12011_mix.wav,0,0,Noise
12012_mix.wav,0,0,Noise
12013_mix.wav,0,0,Noise
12014_mix.wav,0,0,Noise
12015_mix.wav,0,0,Noise
12016_mix.wav,0,0,Noise
12017_mix.wav,0,0,Noise
12018_mix.wav,0,0,Noise
12019_mix.wav,0,0,Noise
12020_mix.wav,0,0,Noise
12021_mix.wav,0,0,Noise
12022_mix.wav,0,0,Noise
12023_mix.wav,0,0,Noise
12024_mix.wav,0,0,Noise
12025_mix.wav,0,0,Noise
12026_mix.wav,0,0,Noise
12027_mix.wav,0,0,Noise
12028_mix.wav,0,0,Noise
12029_mix.wav,0,0,Noise
12030_mix.wav,0,0,Noise
12031_mix.wav,0,0,Noise
12032_mix.wav,0,0,Noise
12033_mix.wav,0,0,Noise
12034_mix.wav,0,0,Noise
12035_mix.wav,0,0,Noise
12036_mix.wav,0,0,Noise
12037_mix.wav,0,0,Noise
12038_mix.wav,0,0,Noise
12039_mix.wav,0,0,Noise
12040_mix.wav,0,0,Noise
12041_mix.wav,0,0,Noise
12042_mix.wav,0,0,Noise
12043_mix.wav,0,0,Noise
12044_mix.wav,0,0,Noise
12045_mix.wav,0,0,Noise
12046_mix.wav,0,0,Noise
12047_mix.wav,0,0,Noise
12048_mix.wav,0,0,Noise
12049_mix.wav,0,0,Noise
12050_mix.wav,0,0,Noise
12051_mix.wav,0,0,Noise
12052_mix.wav,0,0,Noise
12053_mix.wav,0,0,Noise
12054_mix.wav,0,0,Noise
12055_mix.wav,0,0,Noise
12056_mix.wav,0,0,Noise
12057_mix.wav,0,0,Noise
12058_mix.wav,0,0,Noise
12059_mix.wav,0,0,Noise
12060_mix.wav,0,0,Noise
12061_mix.wav,0,0,Noise
12062_mix.wav,0,0,Noise
12063_mix.wav,0,0,Noise
12064_mix.wav,0,0,Noise
12065_mix.wav,0,0,Noise
12066_mix.wav,0,0,Noise
12067_mix.wav,0,0,Noise
12068_mix.wav,0,0,Noise
12069_mix.wav,0,0,Noise
12070_mix.wav,0,0,Noise
12071_mix.wav,0,0,Noise
12072_mix.wav,0,0,Noise
12073_mix.wav,0,0,Noise
12074_mix.wav,0,0,Noise
12075_mix.wav,0,0,Noise
12076_mix.wav,0,0,Noise
12077_mix.wav,0,0,Noise
12078_mix.wav,0,0,Noise
12079_mix.wav,0,0,Noise
12080_mix.wav,0,0,Noise
12081_mix.wav,0,0,Noise
12082_mix.wav,0,0,Noise
12083_mix.wav,0,0,Noise
12084_mix.wav,0,0,Noise
12085_mix.wav,0,0,Noise
12086_mix.wav,0,0,Noise
12087_mix.wav,0,0,Noise
12088_mix.wav,0,0,Noise
12089_mix.wav,0,0,Noise
12090_mix.wav,0,0,Noise
12091_mix.wav,0,0,Noise
12092_mix.wav,0,0,Noise
12093_mix.wav,0,0,Noise
12094_mix.wav,0,0,Noise
12095_mix.wav,0,0,Noise
12096_mix.wav,0,0,Noise
12097_mix.wav,0,0,Noise
12098_mix.wav,0,0,Noise
12099_mix.wav,0,0,Noise
12100_mix.wav,0,0,Noise
12101_mix.wav,0,0,Noise
12102_mix.wav,0,0,Noise
12103_mix.wav,0,0,Noise
12104_mix.wav,0,0,Noise
12105_mix.wav,0,0,Noise
12106_mix.wav,0,0,Noise
12107_mix.wav,0,0,Noise
12108_mix.wav,0,0,Noise
12109_mix.wav,0,0,Noise
12110_mix.wav,0,0,Noise
12111_mix.wav,0,0,Noise
12112_mix.wav,0,0,Noise
12113_mix.wav,0,0,Noise
12114_mix.wav,0,0,Noise
12115_mix.wav,0,0,Noise
12116_mix.wav,0,0,Noise
12117_mix.wav,0,0,Noise
12118_mix.wav,0,0,Noise
12119_mix.wav,0,0,Noise
12120_mix.wav,0,0,Noise
12121_mix.wav,0,0,Noise
12122_mix.wav,0,0,Noise
12123_mix.wav,0,0,Noise
12124_mix.wav,0,0,Noise
12125_mix.wav,0,0,Noise
12126_mix.wav,0,0,Noise
12127_mix.wav,0,0,Noise
12128_mix.wav,0,0,Noise
12129_mix.wav,0,0,Noise
12130_mix.wav,0,0,Noise
12131_mix.wav,0,0,Noise
12132_mix.wav,0,0,Noise
12133_mix.wav,0,0,Noise
12134_mix.wav,0,0,Noise
12135_mix.wav,0,0,Noise
12136_mix.wav,0,0,Noise
12137_mix.wav,0,0,Noise
12138_mix.wav,0,0,Noise
12139_mix.wav,0,0,Noise
12140_mix.wav,0,0,Noise
12141_mix.wav,0,0,Noise
12142_mix.wav,0,0,Noise
12143_mix.wav,0,0,Noise
12144_mix.wav,0,0,Noise
12145_mix.wav,0,0,Noise
12146_mix.wav,0,0,Noise
12147_mix.wav,0,0,Noise
12148_mix.wav,0,0,Noise
12149_mix.wav,0,0,Noise
12150_mix.wav,0,0,Noise
12151_mix.wav,0,0,Noise
12152_mix.wav,0,0,Noise
12153_mix.wav,0,0,Noise
12154_mix.wav,0,0,Noise
12155_mix.wav,0,0,Noise
12156_mix.wav,0,0,Noise
12157_mix.wav,0,0,Noise
12158_mix.wav,0,0,Noise
12159_mix.wav,0,0,Noise
12160_mix.wav,0,0,Noise
12161_mix.wav,0,0,Noise
12162_mix.wav,0,0,Noise
12163_mix.wav,0,0,Noise
12164_mix.wav,0,0,Noise
12165_mix.wav,0,0,Noise
12166_mix.wav,0,0,Noise
12167_mix.wav,0,0,Noise
12168_mix.wav,0,0,Noise
12169_mix.wav,0,0,Noise
12170_mix.wav,0,0,Noise
12171_mix.wav,0,0,Noise
12172_mix.wav,0,0,Noise
12173_mix.wav,0,0,Noise
12174_mix.wav,0,0,Noise
12175_mix.wav,0,0,Noise
12176_mix.wav,0,0,Noise
12177_mix.wav,0,0,Noise
12178_mix.wav,0,0,Noise
12179_mix.wav,0,0,Noise
12180_mix.wav,0,0,Noise
12181_mix.wav,0,0,Noise
12182_mix.wav,0,0,Noise
12183_mix.wav,0,0,Noise
12184_mix.wav,0,0,Noise
12185_mix.wav,0,0,Noise
12186_mix.wav,0,0,Noise
12187_mix.wav,0,0,Noise
12188_mix.wav,0,0,Noise
12189_mix.wav,0,0,Noise
12190_mix.wav,0,0,Noise
12191_mix.wav,0,0,Noise
12192_mix.wav,0,0,Noise
12193_mix.wav,0,0,Noise
12194_mix.wav,0,0,Noise
12195_mix.wav,0,0,Noise
12196_mix.wav,0,0,Noise
12197_mix.wav,0,0,Noise
12198_mix.wav,0,0,Noise
12199_mix.wav,0,0,Noise
12200_mix.wav,0,0,Noise
12201_mix.wav,0,0,Noise
12202_mix.wav,0,0,Noise
12203_mix.wav,0,0,Noise
12204_mix.wav,0,0,Noise
12205_mix.wav,0,0,Noise
12206_mix.wav,0,0,Noise
12207_mix.wav,0,0,Noise
12208_mix.wav,0,0,Noise
12209_mix.wav,0,0,Noise
12210_mix.wav,0,0,Noise
12211_mix.wav,0,0,Noise
12212_mix.wav,0,0,Noise
12213_mix.wav,0,0,Noise
12214_mix.wav,0,0,Noise
12215_mix.wav,0,0,Noise
12216_mix.wav,0,0,Noise
12217_mix.wav,0,0,Noise
12218_mix.wav,0,0,Noise
12219_mix.wav,0,0,Noise
12220_mix.wav,0,0,Noise
12221_mix.wav,0,0,Noise
12222_mix.wav,0,0,Noise
12223_mix.wav,0,0,Noise
12224_mix.wav,0,0,Noise
12225_mix.wav,0,0,Noise
12226_mix.wav,0,0,Noise
12227_mix.wav,0,0,Noise
12228_mix.wav,0,0,Noise
12229_mix.wav,0,0,Noise
12230_mix.wav,0,0,Noise
12231_mix.wav,0,0,Noise
12232_mix.wav,0,0,Noise
12233_mix.wav,0,0,Noise
12234_mix.wav,0,0,Noise
12235_mix.wav,0,0,Noise
12236_mix.wav,0,0,Noise
12237_mix.wav,0,0,Noise
12238_mix.wav,0,0,Noise
12239_mix.wav,0,0,Noise
12240_mix.wav,0,0,Noise
12241_mix.wav,0,0,Noise
12242_mix.wav,0,0,Noise
12243_mix.wav,0,0,Noise
12244_mix.wav,0,0,Noise
12245_mix.wav,0,0,Noise
12246_mix.wav,0,0,Noise
12247_mix.wav,0,0,Noise
12248_mix.wav,0,0,Noise
12249_mix.wav,0,0,Noise
12250_mix.wav,0,0,Noise
12251_mix.wav,0,0,Noise
12252_mix.wav,0,0,Noise
12253_mix.wav,0,0,Noise
12254_mix.wav,0,0,Noise
12255_mix.wav,0,0,Noise
12256_mix.wav,0,0,Noise
12257_mix.wav,0,0,Noise
12258_mix.wav,0,0,Noise
12259_mix.wav,0,0,Noise
12260_mix.wav,0,0,Noise
12261_mix.wav,0,0,Noise
12262_mix.wav,0,0,Noise
12263_mix.wav,0,0,Noise
12264_mix.wav,0,0,Noise
12265_mix.wav,0,0,Noise
12266_mix.wav,0,0,Noise
12267_mix.wav,0,0,Noise
12268_mix.wav,0,0,Noise
12269_mix.wav,0,0,Noise
12270_mix.wav,0,0,Noise
12271_mix.wav,0,0,Noise
12272_mix.wav,0,0,Noise
12273_mix.wav,0,0,Noise
12274_mix.wav,0,0,Noise
12275_mix.wav,0,0,Noise
12276_mix.wav,0,0,Noise
12277_mix.wav,0,0,Noise
12278_mix.wav,0,0,Noise
12279_mix.wav,0,0,Noise
12280_mix.wav,0,0,Noise
12281_mix.wav,0,0,Noise
12282_mix.wav,0,0,Noise
12283_mix.wav,0,0,Noise
12284_mix.wav,0,0,Noise
12285_mix.wav,0,0,Noise
12286_mix.wav,0,0,Noise
12287_mix.wav,0,0,Noise
12288_mix.wav,0,0,Noise
12289_mix.wav,0,0,Noise
12290_mix.wav,0,0,Noise
12291_mix.wav,0,0,Noise
12292_mix.wav,0,0,Noise
12293_mix.wav,0,0,Noise
12294_mix.wav,0,0,Noise
12295_mix.wav,0,0,Noise
12296_mix.wav,0,0,Noise
12297_mix.wav,0,0,Noise
12298_mix.wav,0,0,Noise
12299_mix.wav,0,0,Noise
12300_mix.wav,0,0,Noise
12301_mix.wav,0,0,Noise
12302_mix.wav,0,0,Noise
12303_mix.wav,0,0,Noise
12304_mix.wav,0,0,Noise
12305_mix.wav,0,0,Noise
12306_mix.wav,0,0,Noise
12307_mix.wav,0,0,Noise
12308_mix.wav,0,0,Noise
12309_mix.wav,0,0,Noise
12310_mix.wav,0,0,Noise
12311_mix.wav,0,0,Noise
12312_mix.wav,0,0,Noise
12313_mix.wav,0,0,Noise
12314_mix.wav,0,0,Noise
12315_mix.wav,0,0,Noise
12316_mix.wav,0,0,Noise
12317_mix.wav,0,0,Noise
12318_mix.wav,0,0,Noise
12319_mix.wav,0,0,Noise
12320_mix.wav,0,0,Noise
12321_mix.wav,0,0,Noise
12322_mix.wav,0,0,Noise
12323_mix.wav,0,0,Noise
12324_mix.wav,0,0,Noise
12325_mix.wav,0,0,Noise
12326_mix.wav,0,0,Noise
12327_mix.wav,0,0,Noise
12328_mix.wav,0,0,Noise
12329_mix.wav,0,0,Noise
12330_mix.wav,0,0,Noise
12331_mix.wav,0,0,Noise
12332_mix.wav,0,0,Noise
12333_mix.wav,0,0,Noise
12334_mix.wav,0,0,Noise
12335_mix.wav,0,0,Noise
12336_mix.wav,0,0,Noise
12337_mix.wav,0,0,Noise
12338_mix.wav,0,0,Noise
12339_mix.wav,0,0,Noise
12340_mix.wav,0,0,Noise
12341_mix.wav,0,0,Noise
12342_mix.wav,0,0,Noise
12343_mix.wav,0,0,Noise
12344_mix.wav,0,0,Noise
12345_mix.wav,0,0,Noise
12346_mix.wav,0,0,Noise
12347_mix.wav,0,0,Noise
12348_mix.wav,0,0,Noise
12349_mix.wav,0,0,Noise
12350_mix.wav,0,0,Noise
12351_mix.wav,0,0,Noise
12352_mix.wav,0,0,Noise
12353_mix.wav,0,0,Noise
12354_mix.wav,0,0,Noise
12355_mix.wav,0,0,Noise
12356_mix.wav,0,0,Noise
12357_mix.wav,0,0,Noise
12358_mix.wav,0,0,Noise
12359_mix.wav,0,0,Noise
12360_mix.wav,0,0,Noise
12361_mix.wav,0,0,Noise
12362_mix.wav,0,0,Noise
12363_mix.wav,0,0,Noise
12364_mix.wav,0,0,Noise
12365_mix.wav,0,0,Noise
12366_mix.wav,0,0,Noise
12367_mix.wav,0,0,Noise
12368_mix.wav,0,0,Noise
12369_mix.wav,0,0,Noise
12370_mix.wav,0,0,Noise
12371_mix.wav,0,0,Noise
12372_mix.wav,0,0,Noise
12373_mix.wav,0,0,Noise
12374_mix.wav,0,0,Noise
12375_mix.wav,0,0,Noise
12376_mix.wav,0,0,Noise
12377_mix.wav,0,0,Noise
12378_mix.wav,0,0,Noise
12379_mix.wav,0,0,Noise
12380_mix.wav,0,0,Noise
12381_mix.wav,0,0,Noise
12382_mix.wav,0,0,Noise
12383_mix.wav,0,0,Noise
12384_mix.wav,0,0,Noise
12385_mix.wav,0,0,Noise
12386_mix.wav,0,0,Noise
12387_mix.wav,0,0,Noise
12388_mix.wav,0,0,Noise
12389_mix.wav,0,0,Noise
12390_mix.wav,0,0,Noise
12391_mix.wav,0,0,Noise
12392_mix.wav,0,0,Noise
12393_mix.wav,0,0,Noise
12394_mix.wav,0,0,Noise
12395_mix.wav,0,0,Noise
12396_mix.wav,0,0,Noise
12397_mix.wav,0,0,Noise
12398_mix.wav,0,0,Noise
12399_mix.wav,0,0,Noise
12400_mix.wav,0,0,Noise
12401_mix.wav,0,0,Noise
12402_mix.wav,0,0,Noise
12403_mix.wav,0,0,Noise
12404_mix.wav,0,0,Noise
12405_mix.wav,0,0,Noise
12406_mix.wav,0,0,Noise
12407_mix.wav,0,0,Noise
12408_mix.wav,0,0,Noise
12409_mix.wav,0,0,Noise
12410_mix.wav,0,0,Noise
12411_mix.wav,0,0,Noise
12412_mix.wav,0,0,Noise
12413_mix.wav,0,0,Noise
12414_mix.wav,0,0,Noise
12415_mix.wav,0,0,Noise
12416_mix.wav,0,0,Noise
12417_mix.wav,0,0,Noise
12418_mix.wav,0,0,Noise
12419_mix.wav,0,0,Noise
12420_mix.wav,0,0,Noise
12421_mix.wav,0,0,Noise
12422_mix.wav,0,0,Noise
12423_mix.wav,0,0,Noise
12424_mix.wav,0,0,Noise
12425_mix.wav,0,0,Noise
12426_mix.wav,0,0,Noise
12427_mix.wav,0,0,Noise
12428_mix.wav,0,0,Noise
12429_mix.wav,0,0,Noise
12430_mix.wav,0,0,Noise
12431_mix.wav,0,0,Noise
12432_mix.wav,0,0,Noise
12433_mix.wav,0,0,Noise
12434_mix.wav,0,0,Noise
12435_mix.wav,0,0,Noise
12436_mix.wav,0,0,Noise
12437_mix.wav,0,0,Noise
12438_mix.wav,0,0,Noise
12439_mix.wav,0,0,Noise
12440_mix.wav,0,0,Noise
12441_mix.wav,0,0,Noise
12442_mix.wav,0,0,Noise
12443_mix.wav,0,0,Noise
12444_mix.wav,0,0,Noise
12445_mix.wav,0,0,Noise
12446_mix.wav,0,0,Noise
12447_mix.wav,0,0,Noise
12448_mix.wav,0,0,Noise
12449_mix.wav,0,0,Noise
12450_mix.wav,0,0,Noise
12451_mix.wav,0,0,Noise
12452_mix.wav,0,0,Noise
12453_mix.wav,0,0,Noise
12454_mix.wav,0,0,Noise
12455_mix.wav,0,0,Noise
12456_mix.wav,0,0,Noise
12457_mix.wav,0,0,Noise
12458_mix.wav,0,0,Noise
12459_mix.wav,0,0,Noise
12460_mix.wav,0,0,Noise
12461_mix.wav,0,0,Noise
12462_mix.wav,0,0,Noise
12463_mix.wav,0,0,Noise
12464_mix.wav,0,0,Noise
12465_mix.wav,0,0,Noise
12466_mix.wav,0,0,Noise
12467_mix.wav,0,0,Noise
12468_mix.wav,0,0,Noise
12469_mix.wav,0,0,Noise
12470_mix.wav,0,0,Noise
12471_mix.wav,0,0,Noise
12472_mix.wav,0,0,Noise
12473_mix.wav,0,0,Noise
12474_mix.wav,0,0,Noise
12475_mix.wav,0,0,Noise
12476_mix.wav,0,0,Noise
12477_mix.wav,0,0,Noise
12478_mix.wav,0,0,Noise
12479_mix.wav,0,0,Noise
12480_mix.wav,0,0,Noise
12481_mix.wav,0,0,Noise
12482_mix.wav,0,0,Noise
12483_mix.wav,0,0,Noise
12484_mix.wav,0,0,Noise
12485_mix.wav,0,0,Noise
12486_mix.wav,0,0,Noise
12487_mix.wav,0,0,Noise
12488_mix.wav,0,0,Noise
12489_mix.wav,0,0,Noise
12490_mix.wav,0,0,Noise
12491_mix.wav,0,0,Noise
12492_mix.wav,0,0,Noise
12493_mix.wav,0,0,Noise
12494_mix.wav,0,0,Noise
12495_mix.wav,0,0,Noise
12496_mix.wav,0,0,Noise
12497_mix.wav,0,0,Noise
12498_mix.wav,0,0,Noise
12499_mix.wav,0,0,Noise
12500_mix.wav,0,0,Noise
12501_mix.wav,0,0,Noise
12502_mix.wav,0,0,Noise
12503_mix.wav,0,0,Noise
12504_mix.wav,0,0,Noise
12505_mix.wav,0,0,Noise
12506_mix.wav,0,0,Noise
12507_mix.wav,0,0,Noise
12508_mix.wav,0,0,Noise
12509_mix.wav,0,0,Noise
12510_mix.wav,0,0,Noise
12511_mix.wav,0,0,Noise
12512_mix.wav,0,0,Noise
12513_mix.wav,0,0,Noise
12514_mix.wav,0,0,Noise
12515_mix.wav,0,0,Noise
12516_mix.wav,0,0,Noise
12517_mix.wav,0,0,Noise
12518_mix.wav,0,0,Noise
12519_mix.wav,0,0,Noise
12520_mix.wav,0,0,Noise
12521_mix.wav,0,0,Noise
12522_mix.wav,0,0,Noise
12523_mix.wav,0,0,Noise
12524_mix.wav,0,0,Noise
12525_mix.wav,0,0,Noise
12526_mix.wav,0,0,Noise
12527_mix.wav,0,0,Noise
12528_mix.wav,0,0,Noise
12529_mix.wav,0,0,Noise
12530_mix.wav,0,0,Noise
12531_mix.wav,0,0,Noise
12532_mix.wav,0,0,Noise
12533_mix.wav,0,0,Noise
12534_mix.wav,0,0,Noise
12535_mix.wav,0,0,Noise
12536_mix.wav,0,0,Noise
12537_mix.wav,0,0,Noise
12538_mix.wav,0,0,Noise
12539_mix.wav,0,0,Noise
12540_mix.wav,0,0,Noise
12541_mix.wav,0,0,Noise
12542_mix.wav,0,0,Noise
12543_mix.wav,0,0,Noise
12544_mix.wav,0,0,Noise
12545_mix.wav,0,0,Noise
12546_mix.wav,0,0,Noise
12547_mix.wav,0,0,Noise
12548_mix.wav,0,0,Noise
12549_mix.wav,0,0,Noise
12550_mix.wav,0,0,Noise
12551_mix.wav,0,0,Noise
12552_mix.wav,0,0,Noise
12553_mix.wav,0,0,Noise
12554_mix.wav,0,0,Noise
12555_mix.wav,0,0,Noise
12556_mix.wav,0,0,Noise
12557_mix.wav,0,0,Noise
12558_mix.wav,0,0,Noise
12559_mix.wav,0,0,Noise
12560_mix.wav,0,0,Noise
12561_mix.wav,0,0,Noise
12562_mix.wav,0,0,Noise
12563_mix.wav,0,0,Noise
12564_mix.wav,0,0,Noise
12565_mix.wav,0,0,Noise
12566_mix.wav,0,0,Noise
12567_mix.wav,0,0,Noise
12568_mix.wav,0,0,Noise
12569_mix.wav,0,0,Noise
12570_mix.wav,0,0,Noise
12571_mix.wav,0,0,Noise
12572_mix.wav,0,0,Noise
12573_mix.wav,0,0,Noise
12574_mix.wav,0,0,Noise
12575_mix.wav,0,0,Noise
12576_mix.wav,0,0,Noise
12577_mix.wav,0,0,Noise
12578_mix.wav,0,0,Noise
12579_mix.wav,0,0,Noise
12580_mix.wav,0,0,Noise
12581_mix.wav,0,0,Noise
12582_mix.wav,0,0,Noise
12583_mix.wav,0,0,Noise
12584_mix.wav,0,0,Noise
12585_mix.wav,0,0,Noise
12586_mix.wav,0,0,Noise
12587_mix.wav,0,0,Noise
12588_mix.wav,0,0,Noise
12589_mix.wav,0,0,Noise
12590_mix.wav,0,0,Noise
12591_mix.wav,0,0,Noise
12592_mix.wav,0,0,Noise
12593_mix.wav,0,0,Noise
12594_mix.wav,0,0,Noise
12595_mix.wav,0,0,Noise
12596_mix.wav,0,0,Noise
12597_mix.wav,0,0,Noise
12598_mix.wav,0,0,Noise
12599_mix.wav,0,0,Noise
12600_mix.wav,0,0,Noise
12601_mix.wav,0,0,Noise
12602_mix.wav,0,0,Noise
12603_mix.wav,0,0,Noise
12604_mix.wav,0,0,Noise
12605_mix.wav,0,0,Noise
12606_mix.wav,0,0,Noise
12607_mix.wav,0,0,Noise
12608_mix.wav,0,0,Noise
12609_mix.wav,0,0,Noise
12610_mix.wav,0,0,Noise
12611_mix.wav,0,0,Noise
12612_mix.wav,0,0,Noise
12613_mix.wav,0,0,Noise
12614_mix.wav,0,0,Noise
12615_mix.wav,0,0,Noise
12616_mix.wav,0,0,Noise
12617_mix.wav,0,0,Noise
12618_mix.wav,0,0,Noise
12619_mix.wav,0,0,Noise
12620_mix.wav,0,0,Noise
12621_mix.wav,0,0,Noise
12622_mix.wav,0,0,Noise
12623_mix.wav,0,0,Noise
12624_mix.wav,0,0,Noise
12625_mix.wav,0,0,Noise
12626_mix.wav,0,0,Noise
12627_mix.wav,0,0,Noise
12628_mix.wav,0,0,Noise
12629_mix.wav,0,0,Noise
12630_mix.wav,0,0,Noise
12631_mix.wav,0,0,Noise
12632_mix.wav,0,0,Noise
12633_mix.wav,0,0,Noise
12634_mix.wav,0,0,Noise
12635_mix.wav,0,0,Noise
12636_mix.wav,0,0,Noise
12637_mix.wav,0,0,Noise
12638_mix.wav,0,0,Noise
12639_mix.wav,0,0,Noise
12640_mix.wav,0,0,Noise
12641_mix.wav,0,0,Noise
12642_mix.wav,0,0,Noise
12643_mix.wav,0,0,Noise
12644_mix.wav,0,0,Noise
12645_mix.wav,0,0,Noise
12646_mix.wav,0,0,Noise
12647_mix.wav,0,0,Noise
12648_mix.wav,0,0,Noise
12649_mix.wav,0,0,Noise
12650_mix.wav,0,0,Noise
12651_mix.wav,0,0,Noise
12652_mix.wav,0,0,Noise
12653_mix.wav,0,0,Noise
12654_mix.wav,0,0,Noise
12655_mix.wav,0,0,Noise
12656_mix.wav,0,0,Noise
12657_mix.wav,0,0,Noise
12658_mix.wav,0,0,Noise
12659_mix.wav,0,0,Noise
12660_mix.wav,0,0,Noise
12661_mix.wav,0,0,Noise
12662_mix.wav,0,0,Noise
12663_mix.wav,0,0,Noise
12664_mix.wav,0,0,Noise
12665_mix.wav,0,0,Noise
12666_mix.wav,0,0,Noise
12667_mix.wav,0,0,Noise
12668_mix.wav,0,0,Noise
12669_mix.wav,0,0,Noise
12670_mix.wav,0,0,Noise
12671_mix.wav,0,0,Noise
12672_mix.wav,0,0,Noise
12673_mix.wav,0,0,Noise
12674_mix.wav,0,0,Noise
12675_mix.wav,0,0,Noise
12676_mix.wav,0,0,Noise
12677_mix.wav,0,0,Noise
12678_mix.wav,0,0,Noise
12679_mix.wav,0,0,Noise
12680_mix.wav,0,0,Noise
12681_mix.wav,0,0,Noise
12682_mix.wav,0,0,Noise
12683_mix.wav,0,0,Noise
12684_mix.wav,0,0,Noise
12685_mix.wav,0,0,Noise
12686_mix.wav,0,0,Noise
12687_mix.wav,0,0,Noise
12688_mix.wav,0,0,Noise
12689_mix.wav,0,0,Noise
12690_mix.wav,0,0,Noise
12691_mix.wav,0,0,Noise
12692_mix.wav,0,0,Noise
12693_mix.wav,0,0,Noise
12694_mix.wav,0,0,Noise
12695_mix.wav,0,0,Noise
12696_mix.wav,0,0,Noise
12697_mix.wav,0,0,Noise
12698_mix.wav,0,0,Noise
12699_mix.wav,0,0,Noise
12700_mix.wav,0,0,Noise
12701_mix.wav,0,0,Noise
12702_mix.wav,0,0,Noise
12703_mix.wav,0,0,Noise
12704_mix.wav,0,0,Noise
12705_mix.wav,0,0,Noise
12706_mix.wav,0,0,Noise
12707_mix.wav,0,0,Noise
12708_mix.wav,0,0,Noise
12709_mix.wav,0,0,Noise
12710_mix.wav,0,0,Noise
12711_mix.wav,0,0,Noise
12712_mix.wav,0,0,Noise
12713_mix.wav,0,0,Noise
12714_mix.wav,0,0,Noise
12715_mix.wav,0,0,Noise
12716_mix.wav,0,0,Noise
12717_mix.wav,0,0,Noise
12718_mix.wav,0,0,Noise
12719_mix.wav,0,0,Noise
12720_mix.wav,0,0,Noise
12721_mix.wav,0,0,Noise
12722_mix.wav,0,0,Noise
12723_mix.wav,0,0,Noise
12724_mix.wav,0,0,Noise
12725_mix.wav,0,0,Noise
12726_mix.wav,0,0,Noise
12727_mix.wav,0,0,Noise
12728_mix.wav,0,0,Noise
12729_mix.wav,0,0,Noise
12730_mix.wav,0,0,Noise
12731_mix.wav,0,0,Noise
12732_mix.wav,0,0,Noise
12733_mix.wav,0,0,Noise
12734_mix.wav,0,0,Noise
12735_mix.wav,0,0,Noise
12736_mix.wav,0,0,Noise
12737_mix.wav,0,0,Noise
12738_mix.wav,0,0,Noise
12739_mix.wav,0,0,Noise
12740_mix.wav,0,0,Noise
12741_mix.wav,0,0,Noise
12742_mix.wav,0,0,Noise
12743_mix.wav,0,0,Noise
12744_mix.wav,0,0,Noise
12745_mix.wav,0,0,Noise
12746_mix.wav,0,0,Noise
12747_mix.wav,0,0,Noise
12748_mix.wav,0,0,Noise
12749_mix.wav,0,0,Noise
12750_mix.wav,0,0,Noise
12751_mix.wav,0,0,Noise
12752_mix.wav,0,0,Noise
12753_mix.wav,0,0,Noise
12754_mix.wav,0,0,Noise
12755_mix.wav,0,0,Noise
12756_mix.wav,0,0,Noise
12757_mix.wav,0,0,Noise
12758_mix.wav,0,0,Noise
12759_mix.wav,0,0,Noise
12760_mix.wav,0,0,Noise
12761_mix.wav,0,0,Noise
12762_mix.wav,0,0,Noise
12763_mix.wav,0,0,Noise
12764_mix.wav,0,0,Noise
12765_mix.wav,0,0,Noise
12766_mix.wav,0,0,Noise
12767_mix.wav,0,0,Noise
12768_mix.wav,0,0,Noise
12769_mix.wav,0,0,Noise
12770_mix.wav,0,0,Noise
12771_mix.wav,0,0,Noise
12772_mix.wav,0,0,Noise
12773_mix.wav,0,0,Noise
12774_mix.wav,0,0,Noise
12775_mix.wav,0,0,Noise
12776_mix.wav,0,0,Noise
12777_mix.wav,0,0,Noise
12778_mix.wav,0,0,Noise
12779_mix.wav,0,0,Noise
12780_mix.wav,0,0,Noise
12781_mix.wav,0,0,Noise
12782_mix.wav,0,0,Noise
12783_mix.wav,0,0,Noise
12784_mix.wav,0,0,Noise
12785_mix.wav,0,0,Noise
12786_mix.wav,0,0,Noise
12787_mix.wav,0,0,Noise
12788_mix.wav,0,0,Noise
12789_mix.wav,0,0,Noise
12790_mix.wav,0,0,Noise
12791_mix.wav,0,0,Noise
12792_mix.wav,0,0,Noise
12793_mix.wav,0,0,Noise
12794_mix.wav,0,0,Noise
12795_mix.wav,0,0,Noise
12796_mix.wav,0,0,Noise
12797_mix.wav,0,0,Noise
12798_mix.wav,0,0,Noise
12799_mix.wav,0,0,Noise
12800_mix.wav,0,0,Noise
12801_mix.wav,0,0,Noise
12802_mix.wav,0,0,Noise
12803_mix.wav,0,0,Noise
12804_mix.wav,0,0,Noise
12805_mix.wav,0,0,Noise
12806_mix.wav,0,0,Noise
12807_mix.wav,0,0,Noise
12808_mix.wav,0,0,Noise
12809_mix.wav,0,0,Noise
12810_mix.wav,0,0,Noise
12811_mix.wav,0,0,Noise
12812_mix.wav,0,0,Noise
12813_mix.wav,0,0,Noise
12814_mix.wav,0,0,Noise
12815_mix.wav,0,0,Noise
12816_mix.wav,0,0,Noise
12817_mix.wav,0,0,Noise
12818_mix.wav,0,0,Noise
12819_mix.wav,0,0,Noise
12820_mix.wav,0,0,Noise
12821_mix.wav,0,0,Noise
12822_mix.wav,0,0,Noise
12823_mix.wav,0,0,Noise
12824_mix.wav,0,0,Noise
12825_mix.wav,0,0,Noise
12826_mix.wav,0,0,Noise
12827_mix.wav,0,0,Noise
12828_mix.wav,0,0,Noise
12829_mix.wav,0,0,Noise
12830_mix.wav,0,0,Noise
12831_mix.wav,0,0,Noise
12832_mix.wav,0,0,Noise
12833_mix.wav,0,0,Noise
12834_mix.wav,0,0,Noise
12835_mix.wav,0,0,Noise
12836_mix.wav,0,0,Noise
12837_mix.wav,0,0,Noise
12838_mix.wav,0,0,Noise
12839_mix.wav,0,0,Noise
12840_mix.wav,0,0,Noise
12841_mix.wav,0,0,Noise
12842_mix.wav,0,0,Noise
12843_mix.wav,0,0,Noise
12844_mix.wav,0,0,Noise
12845_mix.wav,0,0,Noise
12846_mix.wav,0,0,Noise
12847_mix.wav,0,0,Noise
12848_mix.wav,0,0,Noise
12849_mix.wav,0,0,Noise
12850_mix.wav,0,0,Noise
12851_mix.wav,0,0,Noise
12852_mix.wav,0,0,Noise
12853_mix.wav,0,0,Noise
12854_mix.wav,0,0,Noise
12855_mix.wav,0,0,Noise
12856_mix.wav,0,0,Noise
12857_mix.wav,0,0,Noise
12858_mix.wav,0,0,Noise
12859_mix.wav,0,0,Noise
12860_mix.wav,0,0,Noise
12861_mix.wav,0,0,Noise
12862_mix.wav,0,0,Noise
12863_mix.wav,0,0,Noise
12864_mix.wav,0,0,Noise
12865_mix.wav,0,0,Noise
12866_mix.wav,0,0,Noise
12867_mix.wav,0,0,Noise
12868_mix.wav,0,0,Noise
12869_mix.wav,0,0,Noise
12870_mix.wav,0,0,Noise
12871_mix.wav,0,0,Noise
12872_mix.wav,0,0,Noise
12873_mix.wav,0,0,Noise
12874_mix.wav,0,0,Noise
12875_mix.wav,0,0,Noise
12876_mix.wav,0,0,Noise
12877_mix.wav,0,0,Noise
12878_mix.wav,0,0,Noise
12879_mix.wav,0,0,Noise
12880_mix.wav,0,0,Noise
12881_mix.wav,0,0,Noise
12882_mix.wav,0,0,Noise
12883_mix.wav,0,0,Noise
12884_mix.wav,0,0,Noise
12885_mix.wav,0,0,Noise
12886_mix.wav,0,0,Noise
12887_mix.wav,0,0,Noise
12888_mix.wav,0,0,Noise
12889_mix.wav,0,0,Noise
12890_mix.wav,0,0,Noise
12891_mix.wav,0,0,Noise
12892_mix.wav,0,0,Noise
12893_mix.wav,0,0,Noise
12894_mix.wav,0,0,Noise
12895_mix.wav,0,0,Noise
12896_mix.wav,0,0,Noise
12897_mix.wav,0,0,Noise
12898_mix.wav,0,0,Noise
12899_mix.wav,0,0,Noise
12900_mix.wav,0,0,Noise
12901_mix.wav,0,0,Noise
12902_mix.wav,0,0,Noise
12903_mix.wav,0,0,Noise
12904_mix.wav,0,0,Noise
12905_mix.wav,0,0,Noise
12906_mix.wav,0,0,Noise
12907_mix.wav,0,0,Noise
12908_mix.wav,0,0,Noise
12909_mix.wav,0,0,Noise
12910_mix.wav,0,0,Noise
12911_mix.wav,0,0,Noise
12912_mix.wav,0,0,Noise
12913_mix.wav,0,0,Noise
12914_mix.wav,0,0,Noise
12915_mix.wav,0,0,Noise
12916_mix.wav,0,0,Noise
12917_mix.wav,0,0,Noise
12918_mix.wav,0,0,Noise
12919_mix.wav,0,0,Noise
12920_mix.wav,0,0,Noise
12921_mix.wav,0,0,Noise
12922_mix.wav,0,0,Noise
12923_mix.wav,0,0,Noise
12924_mix.wav,0,0,Noise
12925_mix.wav,0,0,Noise
12926_mix.wav,0,0,Noise
12927_mix.wav,0,0,Noise
12928_mix.wav,0,0,Noise
12929_mix.wav,0,0,Noise
12930_mix.wav,0,0,Noise
12931_mix.wav,0,0,Noise
12932_mix.wav,0,0,Noise
12933_mix.wav,0,0,Noise
12934_mix.wav,0,0,Noise
12935_mix.wav,0,0,Noise
12936_mix.wav,0,0,Noise
12937_mix.wav,0,0,Noise
12938_mix.wav,0,0,Noise
12939_mix.wav,0,0,Noise
12940_mix.wav,0,0,Noise
12941_mix.wav,0,0,Noise
12942_mix.wav,0,0,Noise
12943_mix.wav,0,0,Noise
12944_mix.wav,0,0,Noise
12945_mix.wav,0,0,Noise
12946_mix.wav,0,0,Noise
12947_mix.wav,0,0,Noise
12948_mix.wav,0,0,Noise
12949_mix.wav,0,0,Noise
12950_mix.wav,0,0,Noise
12951_mix.wav,0,0,Noise
12952_mix.wav,0,0,Noise
12953_mix.wav,0,0,Noise
12954_mix.wav,0,0,Noise
12955_mix.wav,0,0,Noise
12956_mix.wav,0,0,Noise
12957_mix.wav,0,0,Noise
12958_mix.wav,0,0,Noise
12959_mix.wav,0,0,Noise
12960_mix.wav,0,0,Noise
12961_mix.wav,0,0,Noise
12962_mix.wav,0,0,Noise
12963_mix.wav,0,0,Noise
12964_mix.wav,0,0,Noise
12965_mix.wav,0,0,Noise
12966_mix.wav,0,0,Noise
12967_mix.wav,0,0,Noise
12968_mix.wav,0,0,Noise
12969_mix.wav,0,0,Noise
12970_mix.wav,0,0,Noise
12971_mix.wav,0,0,Noise
12972_mix.wav,0,0,Noise
12973_mix.wav,0,0,Noise
12974_mix.wav,0,0,Noise
12975_mix.wav,0,0,Noise
12976_mix.wav,0,0,Noise
12977_mix.wav,0,0,Noise
12978_mix.wav,0,0,Noise
12979_mix.wav,0,0,Noise
12980_mix.wav,0,0,Noise
12981_mix.wav,0,0,Noise
12982_mix.wav,0,0,Noise
12983_mix.wav,0,0,Noise
12984_mix.wav,0,0,Noise
12985_mix.wav,0,0,Noise
12986_mix.wav,0,0,Noise
12987_mix.wav,0,0,Noise
12988_mix.wav,0,0,Noise
12989_mix.wav,0,0,Noise
12990_mix.wav,0,0,Noise
12991_mix.wav,0,0,Noise
12992_mix.wav,0,0,Noise
12993_mix.wav,0,0,Noise
12994_mix.wav,0,0,Noise
12995_mix.wav,0,0,Noise
12996_mix.wav,0,0,Noise
12997_mix.wav,0,0,Noise
12998_mix.wav,0,0,Noise
12999_mix.wav,0,0,Noise
13000_mix.wav,0,0,Noise
